"Time","processor.rule.act.timing.mean"
1638162000000,6984.724109701347
1638162300000,6789.780020003673
1638162600000,6716.634759001317
1638162900000,7591.401923200465
1638163200000,8158.297100896016
1638163500000,7426.57823379559
1638163800000,7063.6635863018455
1638164100000,6993.2379207981285
1638164400000,7546.928557194769
1638164700000,7431.943236998632
1638165000000,7788.907888598624
1638165300000,7171.072876901599
1638165600000,7355.606755299959
1638165900000,8007.10111890221
1638166200000,7930.294221302029
1638166500000,8850.927086904994
1638166800000,8405.226876703091
1638167100000,8386.54523100704
1638167400000,8837.900944799185
1638167700000,8380.045685794903
1638168000000,8400.84223249869
1638168300000,8718.733914897894
1638168600000,8199.461630001315
1638168900000,8404.138447294827
1638169200000,8755.724564797129
1638169500000,8549.259750192869
1638169800000,7398.7321179010905
1638170100000,8983.539652902982
1638170400000,8355.603300701478
1638170700000,8611.64274479961
1638171000000,7206.663516728776
1638171300000,7318.432172132228
1638171600000,7446.389223063056
1638171900000,7032.6922734654545
1638172200000,7216.669349469521
1638172500000,7000.340782597975
1638172800000,7429.645978934074
1638173100000,8268.7586453329
1638173400000,7846.429042401421
1638173700000,7419.966464598413
1638174000000,7680.68203453043
1638174300000,7264.143045398881
1638174600000,8258.427873332736
1638174900000,8998.181371935181
1638175200000,7853.657501329265
1638175500000,7875.973424800456
1638175800000,7703.237979865845
1638176100000,7112.517101795977
1638176400000,7769.868859329654
1638176700000,8342.48296859617
1638177000000,7424.780599602552
1638177300000,7791.780812667458
1638177600000,7659.601546733757
1638177900000,7987.102005000513
1638178200000,8163.648781064511
1638178500000,7507.763375736309
1638178800000,7930.250760662481
1638179100000,7098.303676798726
1638179400000,7274.118571397412
1638179700000,7581.923093602866
1638180000000,7143.153876994256
1638180300000,7891.071270195001
1638180600000,9222.029467335475
1638180900000,7130.591171665098
1638181200000,7123.372862202086
1638181500000,7726.582198867618
1638181800000,8336.287364000722
1638182100000,8037.178973066936
1638182400000,7677.464194665542
1638182700000,7656.360223002533
1638183000000,6999.297111264362
1638183300000,6984.741632669466
1638183600000,7458.377461868197
1638183900000,8236.995592936364
1638184200000,8118.718730134181
1638184500000,8705.269894337835
1638184800000,7730.589559341873
1638185100000,6861.698178734757
1638185400000,7670.563504805493
1638185700000,7449.043032468398
1638186000000,7186.0639531968145
1638186300000,7340.099295462885
1638186600000,7459.937954468842
1638186900000,6967.669861669977
1638187200000,7007.115366398891
1638187500000,7109.861406334676
1638187800000,7835.277434595628
1638188100000,7701.722547866181
1638188400000,8345.41992420127
1638188700000,7865.826842329261
1638189000000,7194.573921529809
1638189300000,7520.153098468048
1638189600000,8008.345058804359
1638189900000,7852.316199464015
1638190200000,7200.121375667368
1638190500000,7967.422956529481
1638190800000,8188.8755686670875
1638191100000,7953.363082124997
1638191400000,7794.425794005413
1638191700000,7765.293870803968
1638192000000,7724.575770663068
1638192300000,8035.186731798846
1638192600000,7568.630537800588
1638192900000,7808.704500395349
1638193200000,8338.69369426296
1638193500000,7510.543320263484
1638193800000,7485.602609263151
1638194100000,7676.393782935338
1638194400000,7013.418886396296
1638194700000,7256.852275863396
1638195000000,7998.502807802531
1638195300000,7358.467761866147
1638195600000,8315.451417530372
1638195900000,7125.794532531533
1638196200000,7567.847453534341
1638196500000,7441.495688533905
1638196800000,8100.709626398748
1638197100000,8211.163108868883
1638197400000,7837.332997661967
1638197700000,7506.127303399505
1638198000000,7531.390864136726
1638198300000,8725.069617800667
1638198600000,8144.781403467884
1638198900000,7491.871000867832
1638199200000,7542.112373400839
1638199500000,8171.760064933672
1638199800000,7859.101143530764
1638200100000,6856.286437199742
1638200400000,7537.839203810712
1638200700000,7174.546909639531
1638201000000,7108.077904235997
1638201300000,7433.022210477322
1638201600000,7839.720493093011
1638201900000,5802.920114316313
1638202200000,5203.31536906642
1638202500000,4596.515322123448
1638202800000,6640.674181596525
1638203100000,5601.4316441473875
1638203400000,5162.673522135298
1638203700000,5387.911712486202
1638204000000,6130.188453999266
1638204300000,6283.680378153197
1638204600000,6250.742921087658
1638204900000,6430.984957158125
1638205200000,6594.151815884385
1638205500000,6823.81531760346
1638205800000,6722.990579564794
1638206100000,6185.566624584053
1638206400000,7624.802961696696
1638206700000,6478.009620199236
1638207000000,7240.4207105973455
1638207300000,6931.929287757799
1638207600000,7233.291131808194
1638207900000,7531.792269073048
1638208200000,7596.122249541063
1638208500000,8548.047011793824
1638208800000,8128.786907397443
1638209100000,8321.7806813491
1638209400000,7679.6750195350905
1638209700000,7239.979950139833
1638210000000,7207.41377213185
1638210300000,7500.121179995965
1638210600000,6914.087845264521
1638210900000,7236.1162275296165
1638211200000,7146.266445769715
1638211500000,8982.93668549727
1638211800000,8593.356800599395
1638212100000,8035.2690748183695
1638212400000,7082.090199333794
1638212700000,7487.292288332427
1638213000000,8011.212324462735
1638213300000,7953.775403796529
1638213600000,7547.122884861983
1638213900000,6910.179493333786
1638214200000,7114.478312469919
1638214500000,7457.436048400451
1638214800000,7252.492401603559
1638215100000,6707.373259733321
1638215400000,7630.53837449191
1638215700000,7869.818027701968
1638216000000,7516.3352839882455
1638216300000,7415.621438607833
1638216600000,7508.976470702782
1638216900000,8252.001408001342
1638217200000,7140.803095395767
1638217500000,7910.707057102627
1638217800000,7483.2935327920495
1638218100000,7522.314890804228
1638218400000,7003.351243597172
1638218700000,9302.715401301612
1638219000000,6909.223090692285
1638219300000,8213.157496602253
1638219600000,8038.764105302107
1638219900000,6873.401501395165
1638220200000,7468.505352196917
1638220500000,6917.087434208406
1638220800000,7506.384296492979
1638221100000,6934.733316594793
1638221400000,8760.584019800444
1638221700000,7353.305617802471
1638222000000,6620.210092302477
1638222300000,7302.942561495001
1638222600000,6595.119717592388
1638222900000,7197.299316191857
1638223200000,6628.5880916979295
1638223500000,7550.066196007356
1638223800000,6877.33293460642
1638224100000,6887.304037998365
1638224400000,6734.957046507407
1638224700000,6845.4936679097955
1638225000000,6932.698775300196
1638225300000,6334.339431493208
1638225600000,7422.040254803869
1638225900000,7409.486012602065
1638226200000,7070.224611704543
1638226500000,7327.238271807801
1638226800000,5984.20181240399
1638227100000,6385.827993794737
1638227400000,6956.747583306787
1638227700000,7087.024238000959
1638228000000,6503.144162595709
1638228300000,6093.0105009058025
1638228600000,6362.460469196594
1638228900000,7027.042231000087
1638229200000,6038.208034698982
1638229500000,7184.663644406464
1638229800000,6509.50362910371
1638230100000,7093.120938200445
1638230400000,5887.588623394549
1638230700000,7397.270472996388
1638231000000,6561.962126495564
1638231300000,6291.055030001007
1638231600000,6932.665459804048
1638231900000,7516.648768005325
1638232200000,6178.579594696566
1638232500000,7130.829175603139
1638232800000,6111.074439893491
1638233100000,7153.393151803903
1638233400000,6750.827375001245
1638233700000,7847.801778993744
1638234000000,6561.938219202057
1638234300000,6774.936164891915
1638234600000,6672.940414500408
1638234900000,6929.436244698809
1638235200000,7045.114576401102
1638235500000,7589.422372802073
1638235800000,6375.035256296906
1638236100000,7465.119740898808
1638236400000,7314.96896899298
1638236700000,6106.30086550409
1638237000000,6959.622741707062
1638237300000,7293.650273701496
1638237600000,7512.717884892481
1638237900000,6770.986800289393
1638238200000,6735.108268890326
1638238500000,7317.425640406509
1638238800000,6980.032973704874
1638239100000,7255.093308805954
1638239400000,7240.656624699841
1638239700000,7923.005118707806
1638240000000,6354.920189788754
1638240300000,6977.315483995335
1638240600000,6795.961290190826
1638240900000,7003.620930397665
1638241200000,7814.976459796526
1638241500000,7750.565717997961
1638241800000,8351.717622098295
1638242100000,8232.360168790183
1638242400000,6927.799449106533
1638242700000,7548.239426801592
1638243000000,7287.494751402846
1638243300000,8284.324452708825
1638243600000,7669.713236094685
1638243900000,7052.516574300535
1638244200000,7330.9423110986245
1638244500000,7679.44419129708
1638244800000,6405.159108097723
1638245100000,5808.605100002751
1638245400000,6404.634171595535
1638245700000,6627.21846620625
1638246000000,7182.563475792995
1638246300000,6736.58470800583
1638246600000,6611.350978096016
1638246900000,7213.488611698267
1638247200000,7095.939811402059
1638247500000,6399.883076890546
1638247800000,7095.7162738042825
1638248100000,6728.541934498935
1638248400000,6352.850887303066
1638248700000,6653.529102907487
1638249000000,6646.686580900132
1638249300000,7107.490011399204
1638249600000,6566.322206402401
1638249900000,6561.705110203184
1638250200000,8090.574438194017
1638250500000,7267.396169700805
1638250800000,7523.773161906865
1638251100000,6686.070056209428
1638251400000,8565.189517602266
1638251700000,7370.079323495156
1638252000000,7897.543670101004
1638252300000,8445.81576890123
1638252600000,7779.602201209491
1638252900000,8186.923456196382
1638253200000,8166.814251904725
1638253500000,7429.39433210413
1638253800000,9065.220578209119
1638254100000,8818.023621100292
1638254400000,7867.189439301001
1638254700000,8270.74953701449
1638255000000,8836.345442094898
1638255300000,8537.61260849933
1638255600000,8427.086445398163
1638255900000,8838.504364300024
1638256200000,8457.456540405838
1638256500000,9262.314999006048
1638256800000,8033.496939999433
1638257100000,8975.66626832766
1638257400000,7110.191303737694
1638257700000,8124.961445065287
1638258000000,8153.186433671408
1638258300000,7483.836561598552
1638258600000,6982.006665797871
1638258900000,8100.4685491336195
1638259200000,7767.6241698031545
1638259500000,6824.2823902593655
1638259800000,7365.74649146972
1638260100000,7468.0581562013385
1638260400000,8204.759929328156
1638260700000,8224.239451002299
1638261000000,7643.229276203843
1638261300000,7567.459227598555
1638261600000,7722.845473199473
1638261900000,7355.1109583379
1638262200000,6691.673478400663
1638262500000,7679.14582946499
1638262800000,7391.746042070857
1638263100000,7986.109050466621
1638263400000,7341.205486797784
1638263700000,8300.45644840302
1638264000000,7227.948948001115
1638264300000,7099.0695931960245
1638264600000,7490.526597469035
1638264900000,7677.746154597299
1638265200000,7538.185067663865
1638265500000,8695.403846300906
1638265800000,9085.945243271362
1638266100000,8004.222161271606
1638266400000,7112.904910403158
1638266700000,9353.693986550774
1638267000000,6812.5516559012
1638267300000,6836.953114252174
1638267600000,7194.611405749162
1638267900000,6955.847945946554
1638268200000,7704.4500520041465
1638268500000,7724.791209334914
1638268800000,7590.253347726867
1638269100000,7946.433483472173
1638269400000,7170.840049726394
1638269700000,7711.418467799436
1638270000000,7563.796233070752
1638270300000,8336.97427979817
1638270600000,7515.574844464693
1638270900000,7166.961245663514
1638271200000,8758.712170127666
1638271500000,7411.563508659795
1638271800000,7776.266005661638
1638272100000,7560.810355465704
1638272400000,8042.165497472403
1638272700000,7767.516972397242
1638273000000,8842.043922196597
1638273300000,7845.554778599822
1638273600000,7854.740156399082
1638273900000,7618.11108452912
1638274200000,8290.934266669743
1638274500000,8570.936492804321
1638274800000,8186.292588400586
1638275100000,7337.402076537789
1638275400000,7630.345694731902
1638275700000,7394.096131999807
1638276000000,7575.069649202244
1638276300000,8204.519945928405
1638276600000,7102.287141537818
1638276900000,8055.285769401719
1638277200000,7717.347559598541
1638277500000,8625.921184801095
1638277800000,8008.669052134185
1638278100000,7559.036196599361
1638278400000,8412.659855602275
1638278700000,7415.019110598344
1638279000000,8492.103566598598
1638279300000,7653.077609398922
1638279600000,8241.314474138077
1638279900000,8127.984056405694
1638280200000,8426.091579735416
1638280500000,7802.307893731631
1638280800000,7779.023932394436
1638281100000,8363.959267721119
1638281400000,7869.949323263124
1638281700000,6667.125786531562
1638282000000,7099.735931869334
1638282300000,6849.217054400315
1638282600000,6524.417026399587
1638282900000,7121.4095731646
1638283200000,7227.998266073874
1638283500000,7438.622637700735
1638283800000,7017.995596347146
1638284100000,7594.6362865977335
1638284400000,8153.790767062674
1638284700000,7190.120847601823
1638285000000,7603.7664734652635
1638285300000,8207.061831805064
1638285600000,7749.473892934292
1638285900000,7644.554633335065
1638286200000,7514.536217732287
1638286500000,8342.815066331423
1638286800000,7404.026429198832
1638287100000,6942.728134063326
1638287400000,7868.266134337318
1638287700000,7512.802323470896
1638288000000,7913.610408728346
1638288300000,8139.488722931007
1638288600000,7571.364994465876
1638288900000,7995.4654235416465
1638289200000,6884.3566732025165
1638289500000,7114.604000262746
1638289800000,7932.726060469213
1638290100000,6898.335806868151
1638290400000,7133.118911600468
1638290700000,7357.680160792249
1638291000000,6968.084855759186
1638291300000,8250.332436694589
1638291600000,8451.188496689429
1638291900000,8499.352369296685
1638292200000,7705.829349400135
1638292500000,7264.728374736327
1638292800000,7409.383313599733
1638293100000,7558.993508803769
1638293400000,7111.3426806003945
1638293700000,7515.815754201412
1638294000000,7330.899036075747
1638294300000,8956.035662803333
1638294600000,8228.570004499945
1638294900000,7100.592652271932
1638295200000,7004.466693993936
1638295500000,7166.737787934638
1638295800000,7451.923905665823
1638296100000,6923.012107466927
1638296400000,7001.801250530343
1638296700000,7327.351274639763
1638297000000,7446.137747701869
1638297300000,8079.279156598204
1638297600000,8268.051252094301
1638297900000,7631.849689903902
1638298200000,7084.660604105011
1638298500000,7382.111998699111
1638298800000,7390.052439698775
1638299100000,7195.539956400171
1638299400000,7699.772920002579
1638299700000,7893.0621309053095
1638300000000,7387.143599402771
1638300300000,7720.116695695469
1638300600000,6613.982767198867
1638300900000,6584.598412401534
1638301200000,7102.217650067959
1638301500000,6581.814321129756
1638301800000,7323.532528732828
1638302100000,7286.984710005921
1638302400000,7772.123220000692
1638302700000,7329.891006099342
1638303000000,8455.396680700915
1638303300000,7588.006307898831
1638303600000,7695.300138600078
1638303900000,8078.223298700459
1638304200000,7661.877530999709
1638304500000,7762.312992500483
1638304800000,7758.059672999388
1638305100000,8639.037695200022
1638305400000,7724.9455456011665
1638305700000,7927.106682399062
1638306000000,6986.103548199843
1638306300000,7084.997933800606
1638306600000,7729.3259430000935
1638306900000,6841.354742700333
1638307200000,7599.858600199787
1638307500000,8292.345513599503
1638307800000,8290.646703499078
1638308100000,7267.76687830079
1638308400000,7285.821508799473
1638308700000,7198.34956740051
1638309000000,7579.560852499708
1638309300000,6703.739565200158
1638309600000,7079.7844673994405
1638309900000,6178.93382129987
1638310200000,6428.748416499184
1638310500000,6856.835523100381
1638310800000,6598.625888099377
1638311100000,7165.990804599824
1638311400000,6875.26187660078
1638311700000,6310.0996234003105
1638312000000,6832.773848099714
1638312300000,7944.911643599698
1638312600000,7555.124859499119
1638312900000,6455.302362499788
1638313200000,7191.488114700587
1638313500000,6903.342478600462
1638313800000,7437.347570799648
1638314100000,6277.932086899455
1638314400000,7192.089166200276
1638314700000,5931.38460230075
1638315000000,5925.499808100722
1638315300000,6476.286387700384
1638315600000,6376.891864999197
1638315900000,6645.884513899728
1638316200000,7143.922420700255
1638316500000,7032.46172680083
1638316800000,6511.7284169988125
1638317100000,7276.015560599626
1638317400000,6993.077533001269
1638317700000,6660.233896801219
1638318000000,6677.6008088007075
1638318300000,8197.693645899199
1638318600000,6311.184479899384
1638318900000,6749.074450000626
1638319200000,7467.475308600842
1638319500000,5983.532839000327
1638319800000,5774.2102549000265
1638320100000,6834.3282552992605
1638320400000,7538.854510401143
1638320700000,6855.35607280035
1638321000000,8105.823046599471
1638321300000,6777.570294601173
1638321600000,6645.835191899096
1638321900000,7865.423282999836
1638322200000,7000.6315213981
1638322500000,5983.16731660052
1638322800000,6546.132008796485
1638323100000,7144.175641599577
1638323400000,8262.17948319827
1638323700000,5968.519948599715
1638324000000,6952.995452599862
1638324300000,6440.841549099423
1638324600000,6609.069945498777
1638324900000,7136.546926299343
1638325200000,8015.735828599645
1638325500000,6619.869010999901
1638325800000,7298.35925309817
1638326100000,7584.459206098109
1638326400000,8606.51183020127
1638326700000,7445.872203102408
1638327000000,6560.789600801218
1638327300000,6640.342153000529
1638327600000,7393.584011999701
1638327900000,6758.954573001392
1638328200000,7409.485117699296
1638328500000,7524.815874101114
1638328800000,7700.832067898591
1638329100000,6906.166862202008
1638329400000,7602.711156002988
1638329700000,6399.2688105990965
1638330000000,7161.077976301385
1638330300000,7047.847360799278
1638330600000,6736.676932100818
1638330900000,7223.718820501745
1638331200000,7335.849091499404
1638331500000,7423.270079200302
1638331800000,6747.888477599918
1638332100000,6685.100743601652
1638332400000,6657.356398900083
1638332700000,7290.811660799955
1638333000000,6931.941109599575
1638333300000,8173.04467649883
1638333600000,8538.572691498848
1638333900000,7020.994749091228
1638334200000,6570.587165999855
1638334500000,6304.041550265546
1638334800000,6368.676482001304
1638335100000,6559.60038533217
1638335400000,6387.798032800977
1638335700000,6309.534938570696
1638336000000,6893.181908898032
1638336300000,6853.158007801221
1638336600000,7548.394640401466
1638336900000,6919.558057600169
1638337200000,7404.006452300928
1638337500000,6922.117254199565
1638337800000,7193.915139899991
1638338100000,8319.214056501642
1638338400000,7351.723333697919
1638338700000,7916.140860899485
1638339000000,7628.2691434026665
1638339300000,7437.098815999253
1638339600000,8461.63219280079
1638339900000,7977.77624289729
1638340200000,7648.634916896481
1638340500000,7710.282640499371
1638340800000,7850.510666500212
1638341100000,8849.729981998553
1638341400000,7507.234675401924
1638341700000,8037.268937199951
1638342000000,7965.445817001273
1638342300000,8956.32439909914
1638342600000,7922.1341298349325
1638342900000,7225.516936466621
1638343200000,6482.223714867109
1638343500000,7503.688195534059
1638343800000,6870.711425800104
1638344100000,7590.648989266902
1638344400000,7604.143115533134
1638344700000,7182.772942844657
1638345000000,7916.120848199898
1638345300000,8605.813947298157
1638345600000,8351.868973199998
1638345900000,9078.777417698439
1638346200000,9020.494357166157
1638346500000,8300.86876146754
1638346800000,8159.026004267564
1638347100000,8096.0250310674155
1638347400000,7786.843155466992
1638347700000,7460.744886533834
1638348000000,7327.959975133081
1638348300000,8028.853176799839
1638348600000,8422.660345867584
1638348900000,7872.637596067065
1638349200000,7458.898003732611
1638349500000,7428.455483599798
1638349800000,8231.513041533739
1638350100000,8179.374965067049
1638350400000,7696.921478065633
1638350700000,7710.424939397914
1638351000000,8067.122864000339
1638351300000,7506.779115667693
1638351600000,6881.820189534847
1638351900000,7097.847502334055
1638352200000,7616.474184533824
1638352500000,7672.385456465902
1638352800000,8215.174005537217
1638353100000,8352.40389820101
1638353400000,9217.766443401706
1638353700000,8282.609052818916
1638354000000,7763.462380066009
1638354300000,7340.024710401227
1638354600000,7533.7849734654965
1638354900000,8432.866288867353
1638355200000,7409.919483734969
1638355500000,7892.247097932871
1638355800000,8718.645742865283
1638356100000,8069.511627540018
1638356400000,9363.73843429974
1638356700000,8443.330434273383
1638357000000,6982.171920397513
1638357300000,7782.230644798112
1638357600000,7674.640795799208
1638357900000,7580.847126934411
1638358200000,7521.50949160003
1638358500000,7891.413658332947
1638358800000,7596.666743768869
1638359100000,8781.255771899214
1638359400000,7638.7922392515175
1638359700000,7856.570179064999
1638360000000,8047.721391333676
1638360300000,7787.50327393271
1638360600000,7912.2320833343565
1638360900000,8899.95799479969
1638361200000,7482.195080599831
1638361500000,8018.237958199492
1638361800000,7562.849123800091
1638362100000,7248.154011866276
1638362400000,6978.652249200483
1638362700000,7990.290827066474
1638363000000,8331.498997667191
1638363300000,7986.674495666558
1638363600000,7479.242800933026
1638363900000,8043.468027801282
1638364200000,7372.3400382663385
1638364500000,7437.829197666784
1638364800000,7830.808143000347
1638365100000,7473.645735734377
1638365400000,8436.602909667332
1638365700000,7125.847313799567
1638366000000,7261.589843467724
1638366300000,8061.723252666586
1638366600000,7823.547510867805
1638366900000,7567.667826731788
1638367200000,7823.563792000398
1638367500000,7959.732556333803
1638367800000,6955.997973933336
1638368100000,7745.694973199109
1638368400000,7261.229766931622
1638368700000,7083.409991399943
1638369000000,7626.807507134072
1638369300000,7136.72072033296
1638369600000,7213.24306519964
1638369900000,7376.358612533902
1638370200000,7517.774580868354
1638370500000,7073.841008334542
1638370800000,7708.737271601179
1638371100000,7652.22547533255
1638371400000,8055.536472467186
1638371700000,8056.121258400283
1638372000000,7727.723864533861
1638372300000,7878.764713667381
1638372600000,7394.895652064467
1638372900000,8146.671739333639
1638373200000,8376.690287867435
1638373500000,8069.98651613297
1638373800000,7386.691226933665
1638374100000,6696.6747609328495
1638374400000,8433.660813200064
1638374700000,7638.595752599576
1638375000000,7071.168089865508
1638375300000,7231.210085066171
1638375600000,7087.864624532692
1638375900000,7429.074138286784
1638376200000,9149.781549800537
1638376500000,8517.607601833764
1638376800000,7591.808293734167
1638377100000,8187.769912999882
1638377400000,7166.953040400972
1638377700000,7136.471257533731
1638378000000,7449.409775533756
1638378300000,7481.293290732401
1638378600000,7155.141942785674
1638378900000,8641.274171099985
1638379200000,8874.915108699679
1638379500000,7033.7073180767
1638379800000,7206.654348933288
1638380100000,6678.460733066238
1638380400000,7302.321608466885
1638380700000,7539.566605133193
1638381000000,7303.098254599702
1638381300000,7213.05869342869
1638381600000,7302.182921499707
1638381900000,7788.566884299781
1638382200000,7691.962390800062
1638382500000,7492.626359299856
1638382800000,7950.03030769999
1638383100000,8079.575227400072
1638383400000,7312.796389900041
1638383700000,7316.306537099898
1638384000000,7724.751198499781
1638384300000,7609.128647799936
1638384600000,8113.251675599895
1638384900000,9005.494809799893
1638385200000,7438.133377400026
1638385500000,7532.756387200061
1638385800000,7496.355126099843
1638386100000,8163.373287600007
1638386400000,7973.066798299714
1638386700000,7518.833055599862
1638387000000,7710.851689300216
1638387300000,6796.82853949971
1638387600000,6809.998571700181
1638387900000,7363.979314300013
1638388200000,7303.254769799787
1638388500000,7788.3888462996765
1638388800000,7862.3489255000095
1638389100000,7403.273004200128
1638389400000,8371.55614380008
1638389700000,7545.327446900046
1638390000000,7460.370176299693
1638390300000,7625.35000429998
1638390600000,7623.452122600247
1638390900000,8222.95362179957
1638391200000,7797.728328599987
1638391500000,6960.683014599999
1638391800000,7064.716361399951
1638392100000,7047.398815000088
1638392400000,6762.502306800161
1638392700000,6522.651887000029
1638393000000,6586.544217400115
1638393300000,6584.098848500071
1638393600000,6567.375293700206
1638393900000,7530.4586746002315
1638394200000,7445.2191592004965
1638394500000,6491.337233199738
1638394800000,6875.6272087999605
1638395100000,7131.882752899401
1638395400000,6629.564214099992
1638395700000,6948.11498070012
1638396000000,6574.981263500013
1638396300000,6896.222689400383
1638396600000,6939.5635727996705
1638396900000,7250.391394399776
1638397200000,6254.9324355986755
1638397500000,6713.880956899811
1638397800000,6743.067728299866
1638398100000,6648.367389200575
1638398400000,6527.958739600217
1638398700000,6981.468619899897
1638399000000,7208.368886500466
1638399300000,6586.368213600144
1638399600000,6668.286795200038
1638399900000,7181.354126899896
1638400200000,6835.505997899236
1638400500000,7416.324697200616
1638400800000,6314.036291299271
1638401100000,6876.029195399678
1638401400000,6050.832945699949
1638401700000,5999.433139400207
1638402000000,5513.052250699548
1638402300000,6170.897374100241
1638402600000,5960.854890299743
1638402900000,7505.335574399942
1638403200000,6700.7435519000865
1638403500000,7227.248301200234
1638403800000,6856.91167240002
1638404100000,5664.427424799942
1638404400000,5690.128051599459
1638404700000,7125.0204444011615
1638405000000,7114.695476300039
1638405300000,6988.408317400172
1638405600000,6568.61084749944
1638405900000,6754.671229900487
1638406200000,5858.144152499881
1638406500000,6715.2879775003385
1638406800000,6736.162980099834
1638407100000,7556.620504400053
1638407400000,6807.2169037001
1638407700000,6451.727562699671
1638408000000,8079.6148883997375
1638408300000,6515.579361299751
1638408600000,7139.25196459968
1638408900000,7405.153506500574
1638409200000,6589.381294000123
1638409500000,8213.401552300638
1638409800000,6649.302364900359
1638410100000,7301.938281700495
1638410400000,6354.880308299835
1638410700000,7661.559887499607
1638411000000,7128.167364000183
1638411300000,7267.23107269936
1638411600000,6621.301437900183
1638411900000,6885.346057600691
1638412200000,6954.873657700227
1638412500000,6388.009126701945
1638412800000,7039.263945001585
1638413100000,6417.923037699802
1638413400000,6664.7677945991745
1638413700000,6660.716551398946
1638414000000,6810.54039350056
1638414300000,7191.909911498806
1638414600000,7540.200236698001
1638414900000,6677.210610399925
1638415200000,6569.046894099301
1638415500000,7530.923149100272
1638415800000,6398.3694627997465
1638416100000,6127.444224700594
1638416400000,7783.929654100211
1638416700000,6971.743349199824
1638417000000,7088.505760297994
1638417300000,7835.772612400615
1638417600000,6477.931395898486
1638417900000,7398.789971001679
1638418200000,6724.7296948007715
1638418500000,7728.865174600651
1638418800000,7497.023848701065
1638419100000,7003.966451501037
1638419400000,6986.073057998874
1638419700000,7149.440229199536
1638420000000,6211.692243698781
1638420300000,6335.567907100631
1638420600000,6690.418341499753
1638420900000,6800.057318501058
1638421200000,6545.348212200042
1638421500000,6572.705224299716
1638421800000,7874.660639600188
1638422100000,7093.87272180029
1638422400000,6650.180669000838
1638422700000,7239.563816398731
1638423000000,7773.271949800255
1638423300000,6696.099486199091
1638423600000,7098.852964198886
1638423900000,7288.3767094012
1638424200000,7442.660756999976
1638424500000,7537.187903998711
1638424800000,7440.12721670224
1638425100000,7757.132314800401
1638425400000,6552.796629699878
1638425700000,7017.167183500715
1638426000000,7331.782922300044
1638426300000,7421.454112299398
1638426600000,8474.888508000731
1638426900000,8318.054026499885
1638427200000,7477.213859899348
1638427500000,7461.576524799602
1638427800000,6990.221498499159
1638428100000,7646.635824198893
1638428400000,8842.71828320052
1638428700000,7881.873586499569
1638429000000,9131.295146800403
1638429300000,9372.772355698544
1638429600000,8475.724660900596
1638429900000,8148.586934997729
1638430200000,7936.284790100035
1638430500000,8783.261586500157
1638430800000,8834.927322001753
1638431100000,7511.615935133743
1638431400000,7037.565618333701
1638431700000,7878.232784732897
1638432000000,8334.489863266117
1638432300000,8154.363997333273
1638432600000,8259.4242370005
1638432900000,7541.219513399544
1638433200000,7824.127763733547
1638433500000,8344.18410326704
1638433800000,8425.07804933366
1638434100000,7939.456962733888
1638434400000,7560.627704866904
1638434700000,7337.115619067298
1638435000000,7216.963376599718
1638435300000,7115.400221267798
1638435600000,7478.299070333682
1638435900000,7254.7264358000875
1638436200000,7258.2818336669025
1638436500000,7803.339434066099
1638436800000,7631.887618333652
1638437100000,8247.975135201219
1638437400000,6994.852757400076
1638437700000,6790.494063866268
1638438000000,7403.057229000175
1638438300000,8507.276478922904
1638438600000,7539.155238100466
1638438900000,8110.388799545143
1638439200000,7796.813017066297
1638439500000,7502.846874734125
1638439800000,7574.997774799674
1638440100000,7779.950341466656
1638440400000,7517.961386667381
1638440700000,7044.688437266374
1638441000000,7922.892689532485
1638441300000,7607.6363803992535
1638441600000,7807.907660307347
1638441900000,8776.005665799312
1638442200000,9032.344523297434
1638442500000,7615.951661268031
1638442800000,6752.214948001082
1638443100000,7514.937874933283
1638443400000,8406.117542533912
1638443700000,8005.748182866849
1638444000000,7717.1055159311745
1638444300000,7548.237318571881
1638444600000,8257.112092999978
1638444900000,9234.136871200144
1638445200000,9156.62006354552
1638445500000,8253.62858939988
1638445800000,7356.953178200199
1638446100000,7836.1101402001095
1638446400000,7746.683497733466
1638446700000,7328.459520866788
1638447000000,7036.463899133288
1638447300000,7812.524751071546
1638447600000,10644.621435300041
1638447900000,9202.034650454334
1638448200000,7772.822706200012
1638448500000,7086.029782450026
1638448800000,7090.263993750016
1638449100000,6675.241480699986
1638449400000,7194.605811749954
1638449700000,7496.692176300063
1638450000000,7166.463792777777
1638450300000,8002.515036800045
1638450600000,8159.356458333484
1638450900000,8064.861021066706
1638451200000,8487.852779066543
1638451500000,8093.7640373998875
1638451800000,8345.402756266503
1638452100000,8114.941855866648
1638452400000,8859.172771999934
1638452700000,7575.857238200115
1638453000000,7647.795602333402
1638453300000,7841.326411333103
1638453600000,7972.278688000187
1638453900000,8229.207377733292
1638454200000,7552.34993093339
1638454500000,7345.089738266809
1638454800000,7446.108572466436
1638455100000,7563.54572979999
1638455400000,8257.104993333633
1638455700000,8638.760150133263
1638456000000,7574.726464066588
1638456300000,7623.082375533219
1638456600000,7851.76513046669
1638456900000,7645.764994600177
1638457200000,7397.092780600117
1638457500000,7962.716639000185
1638457800000,7753.957382200194
1638458100000,7555.676469866376
1638458400000,7474.182139933085
1638458700000,7949.070712066775
1638459000000,8373.074682933293
1638459300000,7062.737984799848
1638459600000,7812.001441866353
1638459900000,7623.003133266563
1638460200000,7931.900588933422
1638460500000,7820.045236533042
1638460800000,8716.869400266538
1638461100000,8242.250947133653
1638461400000,6960.9476370667835
1638461700000,8085.172654199535
1638462000000,7585.3015978670255
1638462300000,7565.563269799774
1638462600000,7618.704774199675
1638462900000,8003.691614356934
1638463200000,8171.694055800253
1638463500000,8609.59974710022
1638463800000,7417.5773933995515
1638464100000,8244.158674900063
1638464400000,8624.321528000373
1638464700000,7254.134476266787
1638465000000,8350.991738533367
1638465300000,7316.931215866347
1638465600000,7254.9407186666485
1638465900000,8234.562743733371
1638466200000,7487.286249399918
1638466500000,6828.013590733645
1638466800000,8346.736335066938
1638467100000,7588.16909749991
1638467400000,8115.408252399357
1638467700000,7917.426395700022
1638468000000,8726.071398500062
1638468300000,8871.657112899993
1638468600000,9870.819698899868
1638468900000,6435.269954266746
1638469200000,5989.641154711114
1638469500000,5421.932584388898
1638469800000,6799.350755250019
1638470100000,8902.694307399997
1638470400000,8397.132694799984
1638470700000,8209.72649209998
1638471000000,8111.216387899958
1638471300000,7861.332878699977
1638471600000,8056.322936300011
1638471900000,6653.611649999994
1638472200000,7704.162242900065
1638472500000,7538.056869500088
1638472800000,7295.023555199805
1638473100000,8071.056923899778
1638473400000,7791.363896299937
1638473700000,6313.868819199888
1638474000000,7429.139806599778
1638474300000,7355.332010545556
1638474600000,6842.945765666586
1638474900000,6964.213188133521
1638475200000,6802.164243333247
1638475500000,7084.627795384747
1638475800000,7669.359828600136
1638476100000,7869.171466700005
1638476400000,7619.616699000017
1638476700000,7037.150271299924
1638477000000,7545.721289900166
1638477300000,7245.52806559991
1638477600000,7142.817180000156
1638477900000,7377.2448896003425
1638478200000,7990.95137569975
1638478500000,8584.367495800052
1638478800000,7083.946045999893
1638479100000,6588.201022799968
1638479400000,6429.839376100335
1638479700000,7987.164456999926
1638480000000,7429.25522450014
1638480300000,7884.180028200353
1638480600000,7251.896546099488
1638480900000,7289.987999700042
1638481200000,7065.436691300146
1638481500000,7164.876602200093
1638481800000,7584.571675400366
1638482100000,7914.403411499824
1638482400000,6943.771256400214
1638482700000,6310.899599300137
1638483000000,6291.8604499996945
1638483300000,7381.096740300563
1638483600000,6873.1194661999325
1638483900000,7130.946189499991
1638484200000,7339.7122620996015
1638484500000,6531.082029299978
1638484800000,7785.562590800146
1638485100000,6428.235871499783
1638485400000,7600.035570199907
1638485700000,7297.4795618001735
1638486000000,6158.2571586000995
1638486300000,7575.433712000267
1638486600000,6892.726931000107
1638486900000,7886.148429000059
1638487200000,8061.417203799829
1638487500000,6817.0980013997905
1638487800000,6794.168430100035
1638488100000,7468.241459000092
1638488400000,7025.852299000508
1638488700000,6009.925570599444
1638489000000,6615.435410499958
1638489300000,7029.221058799885
1638489600000,6809.475000099883
1638489900000,7114.600469100151
1638490200000,6459.604081300313
1638490500000,6732.448621199546
1638490800000,6763.525143799416
1638491100000,6119.391597700087
1638491400000,7277.212010499716
1638491700000,6777.126008300547
1638492000000,6050.060248700174
1638492300000,6216.025875200285
1638492600000,6669.042025999806
1638492900000,6642.80379060001
1638493200000,6629.755312500129
1638493500000,6910.181390199432
1638493800000,6743.32227249979
1638494100000,7213.635228700514
1638494400000,5792.146801899798
1638494700000,6323.663450299864
1638495000000,7504.918067300241
1638495300000,7552.938656199331
1638495600000,8445.869353701346
1638495900000,6563.41920739942
1638496200000,7121.167802099808
1638496500000,7263.185382800293
1638496800000,6799.142095999559
1638497100000,7018.417877499451
1638497400000,6907.469524699627
1638497700000,6896.691565999936
1638498000000,6583.158974200342
1638498300000,7054.575770899828
1638498600000,6058.257735500229
1638498900000,6603.339357100049
1638499200000,7866.1181317005685
1638499500000,5780.494725600147
1638499800000,6995.936208600688
1638500100000,6669.683526199515
1638500400000,7709.420039700126
1638500700000,6050.889236199873
1638501000000,6052.076292399215
1638501300000,6618.501318799463
1638501600000,6361.911180600146
1638501900000,6850.640720099545
1638502200000,5778.07512449981
1638502500000,7689.144359500278
1638502800000,8854.56205649898
1638503100000,7240.855372199439
1638503400000,6610.569093100639
1638503700000,6819.462963600017
1638504000000,7575.583544001347
1638504300000,6784.897981700124
1638504600000,6510.168414999862
1638504900000,6347.601303699048
1638505200000,6580.489151900474
1638505500000,6706.149584000013
1638505800000,6568.912461899163
1638506100000,5891.529378298219
1638506400000,6206.1182102013845
1638506700000,6874.694857701252
1638507000000,7091.1230272002285
1638507300000,7479.13567039941
1638507600000,7289.434422698832
1638507900000,6588.320399101212
1638508200000,7863.114304800547
1638508500000,7241.0253402005765
1638508800000,6475.812331800989
1638509100000,7602.3988525994355
1638509400000,7222.629834801046
1638509700000,7099.398009799916
1638510000000,6364.947664799547
1638510300000,6518.225338501361
1638510600000,6799.545963200217
1638510900000,7073.19041830051
1638511200000,7083.737714198651
1638511500000,7001.463501100079
1638511800000,7660.028495299775
1638512100000,7764.2293275021075
1638512400000,7286.5715031002765
1638512700000,7266.895683199982
1638513000000,8993.152779600496
1638513300000,7333.510060099798
1638513600000,6922.307921000174
1638513900000,9996.245810901019
1638514200000,7479.774070199346
1638514500000,7228.892533099861
1638514800000,8039.57664000045
1638515100000,8425.578372499876
1638515400000,8860.893503798434
1638515700000,7936.899768999865
1638516000000,7130.4340324990335
1638516300000,7340.894769500301
1638516600000,8548.616480000055
1638516900000,8891.277044301387
1638517200000,8194.495780501165
1638517500000,7666.037722799956
1638517800000,8367.90741789955
1638518100000,7685.543405700446
1638518400000,7685.3323739007465
1638518700000,7776.107562699326
1638519000000,8466.237437799282
1638519300000,7849.593424546658
1638519600000,7115.672848000821
1638519900000,7826.245016866247
1638520200000,7904.814767999149
1638520500000,7105.701611153738
1638520800000,7981.527578099531
1638521100000,8084.913429400149
1638521400000,7890.595142700545
1638521700000,7201.2124089330955
1638522000000,7370.453451533134
1638522300000,7559.770853799341
1638522600000,7038.080813600361
1638522900000,8198.833243999616
1638523200000,8490.56892240037
1638523500000,8681.237118999707
1638523800000,8529.687489454753
1638524100000,6608.211521332408
1638524400000,6997.313592599161
1638524700000,7772.888227933451
1638525000000,7179.8488128669
1638525300000,6940.220651400235
1638525600000,8782.411003700123
1638525900000,8345.301722400018
1638526200000,8045.002547499872
1638526500000,7412.95266820007
1638526800000,8401.22517499999
1638527100000,8583.712714300054
1638527400000,8129.639093500099
1638527700000,7405.975862199875
1638528000000,7664.892617600254
1638528300000,8088.717353799802
1638528600000,8456.778650900105
1638528900000,8571.976600900234
1638529200000,8399.342450800343
1638529500000,6688.97713973316
1638529800000,8099.339821866663
1638530100000,7195.06077559998
1638530400000,7046.576860857191
1638530700000,7506.714087
1638531000000,9144.962862100283
1638531300000,8094.394960399904
1638531600000,8697.179072999916
1638531900000,8603.843680099817
1638532200000,8129.823493799964
1638532500000,7478.172298533363
1638532800000,7046.973173133416
1638533100000,7302.260622199886
1638533400000,6477.993827199953
1638533700000,7748.87373583321
1638534000000,8622.136967300139
1638534300000,8479.840824199982
1638534600000,8476.959704399997
1638534900000,8217.396411299796
1638535200000,7350.974950800082
1638535500000,8191.108670899666
1638535800000,9423.044987545374
1638536100000,7539.842696000389
1638536400000,6962.442371799882
1638536700000,7445.601811999819
1638537000000,7210.34915419989
1638537300000,6730.396742550374
1638537600000,7528.17571094124
1638537900000,7178.469577866326
1638538200000,7985.647352749652
1638538500000,8657.706877400597
1638538800000,7942.47997860075
1638539100000,7884.844092899584
1638539400000,8248.131079700215
1638539700000,8194.162028272778
1638540000000,7601.070465133046
1638540300000,7121.515574733401
1638540600000,7868.436260733323
1638540900000,7315.192771600005
1638541200000,7771.332688400268
1638541500000,7777.237392400336
1638541800000,7251.398825599942
1638542100000,7329.69488653304
1638542400000,8637.335174999498
1638542700000,8124.020615333302
1638543000000,7090.851115466345
1638543300000,8543.070632933237
1638543600000,7536.322103666589
1638543900000,7053.800534400337
1638544200000,7264.7314209329115
1638544500000,7238.395034199917
1638544800000,8076.608412699352
1638545100000,8933.83402920008
1638545400000,8508.606242800306
1638545700000,8131.858799499241
1638546000000,7515.253416454579
1638546300000,6923.804434799637
1638546600000,7162.715268532838
1638546900000,6536.973203400333
1638547200000,6733.196669200091
1638547500000,6926.430623333499
1638547800000,7641.348553333045
1638548100000,7566.029709785783
1638548400000,8727.645813799973
1638548700000,8379.368307199911
1638549000000,8691.183322799407
1638549300000,6757.046712399824
1638549600000,8625.06110149916
1638549900000,7642.39251930012
1638550200000,7938.4333520003565
1638550500000,7106.229220800378
1638550800000,6451.287978727085
1638551100000,7322.9787026002405
1638551400000,7065.128094400128
1638551700000,7649.431295399783
1638552000000,6757.779431867083
1638552300000,6811.656584665919
1638552600000,7869.225980599353
1638552900000,6536.937883285418
1638553200000,8029.811493199804
1638553500000,7214.179413299871
1638553800000,7010.362444899964
1638554100000,8126.6202452992275
1638554400000,8134.203607899462
1638554700000,7066.6408752006655
1638555000000,8295.312627299882
1638555300000,8079.650456598666
1638555600000,7964.472864001346
1638555900000,7485.038671299207
1638556200000,8053.462685100203
1638556500000,7248.907688901454
1638556800000,6530.618846098969
1638557100000,7428.9039278006385
1638557400000,7899.99241700143
1638557700000,7685.59768189998
1638558000000,8640.101337100441
1638558300000,7420.149051199315
1638558600000,7568.970598099077
1638558900000,7140.977111700978
1638559200000,6714.660773500691
1638559500000,7290.744898400044
1638559800000,7836.69723750063
1638560100000,9280.710715500209
1638560400000,7820.24337360217
1638560700000,7678.90111450015
1638561000000,8003.977898699668
1638561300000,8036.707138201018
1638561600000,6898.100191199228
1638561900000,6980.631771099979
1638562200000,6147.577906599145
1638562500000,7337.445189299797
1638562800000,7957.080389799739
1638563100000,7960.391120999702
1638563400000,6622.78453639974
1638563700000,8112.892797599488
1638564000000,7028.291229500428
1638564300000,7197.712997899725
1638564600000,6473.521568600518
1638564900000,7271.547883600579
1638565200000,7306.8833764999
1638565500000,6822.001940999871
1638565800000,7372.880656500092
1638566100000,7044.095027599542
1638566400000,7619.738859300742
1638566700000,7182.311646100425
1638567000000,7673.34854630044
1638567300000,6888.277811101216
1638567600000,6360.592569799337
1638567900000,7153.976551699452
1638568200000,6554.630618200099
1638568500000,6492.511546600508
1638568800000,6862.858280599539
1638569100000,6497.990990999824
1638569400000,7092.44197720036
1638569700000,6497.388384400983
1638570000000,5590.328031600075
1638570300000,6879.543476799154
1638570600000,6678.516234701237
1638570900000,5880.55331880023
1638571200000,6266.580459999386
1638571500000,5874.469748700358
1638571800000,5802.980081697751
1638572100000,6008.364512899425
1638572400000,6142.341787600162
1638572700000,6384.49616210055
1638573000000,7330.506314100057
1638573300000,5993.465975399158
1638573600000,6511.102581799787
1638573900000,6628.933857999436
1638574200000,6154.4611231998715
1638574500000,6066.14295219988
1638574800000,6094.643910899322
1638575100000,6695.996238999578
1638575400000,6119.887249801468
1638575700000,6354.277745700529
1638576000000,6469.0202651996515
1638576300000,6442.061330599245
1638576600000,6746.864125700085
1638576900000,5906.549157199697
1638577200000,5648.405717200512
1638577500000,5587.744108799961
1638577800000,7337.522225500652
1638578100000,6044.1824563007685
1638578400000,5150.534705200698
1638578700000,5740.511191699625
1638579000000,5927.864635499282
1638579300000,5935.454152099919
1638579600000,6285.626023499208
1638579900000,7102.238041700184
1638580200000,6979.820590000236
1638580500000,5801.070162399628
1638580800000,6894.399389300088
1638581100000,6367.5673001995165
1638581400000,5385.945615099263
1638581700000,6063.61790390074
1638582000000,6312.581095800488
1638582300000,6258.889179499965
1638582600000,5832.469910399232
1638582900000,5753.383037202002
1638583200000,6721.686550399681
1638583500000,6886.111077298847
1638583800000,6690.750153199042
1638584100000,6121.093357000063
1638584400000,5952.941198601184
1638584700000,5971.760261801683
1638585000000,6800.215314399247
1638585300000,6162.44766339878
1638585600000,5441.183391800587
1638585900000,5972.225799698936
1638586200000,5857.9264252999565
1638586500000,6409.565837299306
1638586800000,5070.281334299216
1638587100000,6222.991650900076
1638587400000,5459.6956438988855
1638587700000,6131.769277201238
1638588000000,5800.948714899278
1638588300000,5842.353502399783
1638588600000,5457.348937898496
1638588900000,6177.974165199703
1638589200000,6589.373427900136
1638589500000,6086.117543500586
1638589800000,6407.803132899426
1638590100000,6575.830955198035
1638590400000,5670.000004199392
1638590700000,6832.630464800604
1638591000000,5817.408291301399
1638591300000,5794.47783420037
1638591600000,5539.1081321002275
1638591900000,6162.161181999545
1638592200000,5909.774824799388
1638592500000,5996.58021550058
1638592800000,6789.704225998139
1638593100000,6292.241780203767
1638593400000,6426.270116399974
1638593700000,6023.247688701667
1638594000000,6497.149631802313
1638594300000,7018.789449799806
1638594600000,7857.226374900347
1638594900000,6409.849109299103
1638595200000,5920.25512229884
1638595500000,6614.650827999139
1638595800000,6618.153463897761
1638596100000,6249.4836411991855
1638596400000,6594.992811699922
1638596700000,7315.083810500073
1638597000000,7795.34401819983
1638597300000,7414.109962598741
1638597600000,6978.896683000494
1638597900000,6096.424495099927
1638598200000,7214.8357416983345
1638598500000,6856.365361599455
1638598800000,6283.293628496904
1638599100000,6869.313181198959
1638599400000,6520.387612701597
1638599700000,6793.359418401815
1638600000000,6533.963213201787
1638600300000,6528.668378300063
1638600600000,6213.834244098689
1638600900000,6691.614391897747
1638601200000,7142.878666101024
1638601500000,6928.5007246013265
1638601800000,5653.516727599344
1638602100000,6960.54827439948
1638602400000,7392.0720780028205
1638602700000,6567.317032700521
1638603000000,6979.292095298297
1638603300000,7178.806665998854
1638603600000,6467.733966100786
1638603900000,6717.791552203562
1638604200000,6884.924001101172
1638604500000,6755.108624197601
1638604800000,6091.575760597334
1638605100000,6877.422182999726
1638605400000,7562.008904799586
1638605700000,6497.740880300262
1638606000000,7391.4355404012895
1638606300000,7175.254069700168
1638606600000,7172.287064100965
1638606900000,7363.158379399101
1638607200000,7166.610601200227
1638607500000,6944.838323498698
1638607800000,7036.7836608988
1638608100000,6503.068209102639
1638608400000,6481.643879599869
1638608700000,7358.766395898419
1638609000000,7927.780402999633
1638609300000,7024.456563000422
1638609600000,7289.794693002477
1638609900000,6644.356865103327
1638610200000,7275.246020900522
1638610500000,7225.54771790019
1638610800000,6827.27021089886
1638611100000,6303.102429100545
1638611400000,7535.325470099633
1638611700000,6366.960821300745
1638612000000,7596.237372697942
1638612300000,7420.471926101891
1638612600000,7241.849421300867
1638612900000,7223.445680501754
1638613200000,5960.969913600275
1638613500000,6304.048666797462
1638613800000,6514.8792171014065
1638614100000,7759.577716901549
1638614400000,6817.297406098805
1638614700000,7374.489677499514
1638615000000,6844.316672398418
1638615300000,6537.628481099819
1638615600000,7335.564579500351
1638615900000,6232.470611698955
1638616200000,6599.163292503363
1638616500000,6778.740525399917
1638616800000,7365.207200997975
1638617100000,7445.899533598276
1638617400000,7467.106575402431
1638617700000,6887.357518501813
1638618000000,7523.987511698215
1638618300000,7173.732341801224
1638618600000,7577.85872539971
1638618900000,8321.140990599815
1638619200000,7673.38251650217
1638619500000,7629.069750898634
1638619800000,6791.38030269969
1638620100000,7314.275155497307
1638620400000,7848.943048898946
1638620700000,7356.819408302545
1638621000000,8273.563168398687
1638621300000,7524.870077199012
1638621600000,7437.0090628028265
1638621900000,6803.524841398757
1638622200000,7020.061119097227
1638622500000,6894.893121899804
1638622800000,6713.051761296811
1638623100000,7431.023721800011
1638623400000,6282.927802701306
1638623700000,7388.593734800816
1638624000000,7075.805028600735
1638624300000,7519.019218299945
1638624600000,7506.705258099828
1638624900000,6385.2775148974615
1638625200000,8021.301912701165
1638625500000,6850.9982412011595
1638625800000,6503.093380504288
1638626100000,7022.710206096235
1638626400000,6785.62016490032
1638626700000,6547.9195833017
1638627000000,6897.865488001844
1638627300000,6931.078778101073
1638627600000,6700.224642800458
1638627900000,7048.9713817994925
1638628200000,8096.432658401318
1638628500000,6395.24501379783
1638628800000,7608.049336601107
1638629100000,7341.186597901105
1638629400000,8068.9169959005085
1638629700000,7783.177384796727
1638630000000,8660.01374089974
1638630300000,8320.326371899864
1638630600000,7566.988057500566
1638630900000,7751.836741097213
1638631200000,6534.61155310215
1638631500000,7032.9827884052065
1638631800000,6725.391594102257
1638632100000,7049.663823498122
1638632400000,8590.492905797146
1638632700000,7191.236301399476
1638633000000,7933.481540401408
1638633300000,6841.013824399852
1638633600000,8220.89517860004
1638633900000,7346.209096797975
1638634200000,7240.055663199746
1638634500000,6796.940964600071
1638634800000,6796.991582302144
1638635100000,6830.135559596238
1638635400000,7451.711996899394
1638635700000,8427.397151000332
1638636000000,6907.7746890019625
1638636300000,7723.729693201312
1638636600000,7747.936004499206
1638636900000,7552.258887201606
1638637200000,7540.755892101151
1638637500000,7567.331360599201
1638637800000,7049.3311838657
1638638100000,6678.532324334591
1638638400000,6472.594956200555
1638638700000,6395.025771134639
1638639000000,6272.684492734213
1638639300000,6404.4393076679935
1638639600000,7797.772123461317
1638639900000,7323.911864599449
1638640200000,8502.441817399904
1638640500000,7104.615297498867
1638640800000,6207.211264901025
1638641100000,6882.028178299379
1638641400000,7265.547196399484
1638641700000,7539.880686300057
1638642000000,6503.674748000049
1638642300000,7362.473096798385
1638642600000,6947.361968099722
1638642900000,7428.33295520095
1638643200000,7403.480565101653
1638643500000,7754.835683998499
1638643800000,6790.444701699926
1638644100000,7033.111352399646
1638644400000,6915.145474300426
1638644700000,6245.893624900145
1638645000000,7715.428366398919
1638645300000,7558.009087702885
1638645600000,7113.689832101409
1638645900000,7105.242194802122
1638646200000,6686.645874401256
1638646500000,7095.250342399049
1638646800000,7275.664901200253
1638647100000,6888.641969800301
1638647400000,7467.786991399771
1638647700000,6509.8337712966895
1638648000000,6319.0103636006825
1638648300000,7286.079960699863
1638648600000,6699.891223199847
1638648900000,6710.947553299957
1638649200000,7155.166444454744
1638649500000,6616.562523000839
1638649800000,6599.186558250049
1638650100000,7548.5369427863725
1638650400000,6914.098216788953
1638650700000,5529.454283651196
1638651000000,4976.6521669231215
1638651300000,5585.9495351254
1638651600000,5224.887917925521
1638651900000,5129.540600174892
1638652200000,4754.708191199832
1638652500000,5161.9953827666895
1638652800000,6199.546521466679
1638653100000,5402.2757583793145
1638653400000,5031.854449899993
1638653700000,5370.694094000169
1638654000000,6297.326333050023
1638654300000,4981.887860235367
1638654600000,5502.301390399589
1638654900000,5596.078855533658
1638655200000,5208.9876657853765
1638655500000,6713.188684499529
1638655800000,5927.31520360021
1638656100000,6070.918381800311
1638656400000,7327.066006700261
1638656700000,5683.206845400036
1638657000000,5920.067672700316
1638657300000,5918.744382299701
1638657600000,5633.930796700406
1638657900000,5752.449631499712
1638658200000,6436.4290168999105
1638658500000,5577.600054699815
1638658800000,5571.899278499404
1638659100000,5380.571539799712
1638659400000,7513.199540199821
1638659700000,6594.352826800059
1638660000000,6046.705849200589
1638660300000,6056.933784500507
1638660600000,5442.066466799406
1638660900000,5921.177275199261
1638661200000,5713.325721999718
1638661500000,5755.636599799254
1638661800000,6379.9167021004905
1638662100000,5714.1633332999845
1638662400000,6073.016886099867
1638662700000,5926.341633800075
1638663000000,5531.777588900513
1638663300000,5861.564051599817
1638663600000,5506.751532499948
1638663900000,8151.841187500031
1638664200000,6449.945874999867
1638664500000,6204.772858399701
1638664800000,5639.44874719964
1638665100000,6932.8490291998605
1638665400000,6523.308073099906
1638665700000,5800.507463500253
1638666000000,5911.405618900244
1638666300000,5684.11651000024
1638666600000,7067.330007599594
1638666900000,5029.659643000559
1638667200000,5513.8934446997155
1638667500000,5549.754924099761
1638667800000,6225.145904800229
1638668100000,5966.51296309974
1638668400000,6498.49988010028
1638668700000,6250.1188917001855
1638669000000,5481.185715099491
1638669300000,4814.461248300358
1638669600000,6713.032796099287
1638669900000,5342.225803999463
1638670200000,6457.213396400402
1638670500000,6698.381901601169
1638670800000,5763.262301699797
1638671100000,6176.631324399568
1638671400000,6452.343124701292
1638671700000,5823.1456541001535
1638672000000,6440.178564799862
1638672300000,5909.895276999669
1638672600000,5949.362839198875
1638672900000,5977.36759960062
1638673200000,6446.967618899362
1638673500000,6711.270785999295
1638673800000,6635.61055110149
1638674100000,5695.960539999942
1638674400000,5681.923115299651
1638674700000,5728.873362500963
1638675000000,5964.946880600837
1638675300000,6379.240552099145
1638675600000,6683.43044720059
1638675900000,5696.473225599766
1638676200000,7310.3128320992255
1638676500000,6859.175936000247
1638676800000,6246.337720999509
1638677100000,6260.665083999265
1638677400000,6594.801431298401
1638677700000,6311.61510689999
1638678000000,6455.267719599942
1638678300000,5555.07633849993
1638678600000,6323.1410254004
1638678900000,5907.748446199548
1638679200000,6460.3333516985
1638679500000,5523.96532130042
1638679800000,6427.864400600811
1638680100000,5999.047479300134
1638680400000,5608.510572001251
1638680700000,6955.095641999651
1638681000000,6706.579715300177
1638681300000,6639.3066266999085
1638681600000,5626.332704300148
1638681900000,6190.5746503001865
1638682200000,7930.678668700057
1638682500000,7566.023362000124
1638682800000,6081.099905401061
1638683100000,6920.258860100876
1638683400000,6032.598417699046
1638683700000,6499.878664699645
1638684000000,5585.721370900865
1638684300000,6001.087196999288
1638684600000,5610.3287851998175
1638684900000,6284.5207525999285
1638685200000,5798.896866699215
1638685500000,5878.825808101828
1638685800000,6293.837886799156
1638686100000,6699.693578198639
1638686400000,5947.755560199585
1638686700000,6892.664419398352
1638687000000,6685.849247599253
1638687300000,6525.686104598572
1638687600000,6079.632422600116
1638687900000,5923.854091200337
1638688200000,6042.448927400255
1638688500000,5954.518347299745
1638688800000,6010.318017400277
1638689100000,6227.60233809895
1638689400000,6371.103202600352
1638689700000,6518.084947200259
1638690000000,5900.499097699503
1638690300000,7259.583109500818
1638690600000,6513.880658897688
1638690900000,6194.395272700058
1638691200000,6472.229302100459
1638691500000,6615.025341800356
1638691800000,6396.067151999887
1638692100000,6991.704007498629
1638692400000,7375.310595298652
1638692700000,6733.039222598745
1638693000000,6504.438170099456
1638693300000,7938.141516700125
1638693600000,6958.576379201986
1638693900000,6049.680290000106
1638694200000,6262.091028298164
1638694500000,7262.454853401141
1638694800000,7185.162095200212
1638695100000,6307.2571158001665
1638695400000,6713.694040998962
1638695700000,7638.5660144012945
1638696000000,6429.854434362665
1638696300000,6405.645305133093
1638696600000,6565.997007800077
1638696900000,6639.2766497329985
1638697200000,6234.621159266999
1638697500000,5927.052103267654
1638697800000,5820.162512921693
1638698100000,7224.3100939000215
1638698400000,6716.724312300721
1638698700000,6153.976428098667
1638699000000,6654.662630499479
1638699300000,6621.309156300595
1638699600000,6783.5841351
1638699900000,7513.3173632995295
1638700200000,6998.85060749948
1638700500000,7122.247644000437
1638700800000,7807.097937800063
1638701100000,6355.135744301242
1638701400000,7340.259811001396
1638701700000,7851.875199599727
1638702000000,8240.570008699979
1638702300000,7289.117224699748
1638702600000,6437.392158599232
1638702900000,6422.136633099035
1638703200000,6988.4169518006265
1638703500000,8121.116651900319
1638703800000,6987.106502700408
1638704100000,6664.712278000479
1638704400000,6776.486606501021
1638704700000,7386.4492291000715
1638705000000,6751.0092762006025
1638705300000,6632.168823500797
1638705600000,7093.728411000484
1638705900000,7174.410038399947
1638706200000,6407.75890050063
1638706500000,6963.785814499897
1638706800000,8200.809507199483
1638707100000,7373.562539999875
1638707400000,7825.309643799665
1638707700000,6549.664331599342
1638708000000,7501.872763599931
1638708300000,7126.327795501311
1638708600000,6975.160028200298
1638708900000,7405.921986099747
1638709200000,7779.5264942004
1638709500000,7927.789939000286
1638709800000,6929.977634900206
1638710100000,7639.072662999752
1638710400000,7633.03437850027
1638710700000,6315.862706299777
1638711000000,6430.230632799976
1638711300000,6363.271327999973
1638711600000,6446.9405813002595
1638711900000,8966.25495759854
1638712200000,6885.792981500526
1638712500000,8207.545891200061
1638712800000,7150.481429699357
1638713100000,7576.9211325008655
1638713400000,7352.432430700719
1638713700000,8141.155286699723
1638714000000,6671.899798400773
1638714300000,6948.1515907995345
1638714600000,6662.776227699578
1638714900000,6815.67230910041
1638715200000,7614.159442299206
1638715500000,7236.70782199988
1638715800000,7188.756600700435
1638716100000,7935.7040623996
1638716400000,7465.11907810127
1638716700000,6968.699796544438
1638717000000,6706.243252800459
1638717300000,7247.818246099571
1638717600000,7965.263733106874
1638717900000,5643.9095704592255
1638718200000,5771.048726699834
1638718500000,5512.083921424624
1638718800000,5391.156594674945
1638719100000,5874.337522225522
1638719400000,5762.713770975637
1638719700000,5367.25893756693
1638720000000,6332.3391813664175
1638720300000,5600.875363732636
1638720600000,5647.897723334047
1638720900000,5927.546063304659
1638721200000,6106.866703898936
1638721500000,6573.063536299878
1638721800000,6291.446314056556
1638722100000,6349.341327133395
1638722400000,6472.975062533199
1638722700000,6354.065970571485
1638723000000,7311.991136000052
1638723300000,7198.096476899991
1638723600000,6620.008639300067
1638723900000,7235.785037800088
1638724200000,6823.732890000157
1638724500000,7646.774996500062
1638724800000,6541.930835700077
1638725100000,7916.371236299802
1638725400000,6723.018530699846
1638725700000,7167.134725999948
1638726000000,7326.654003799922
1638726300000,7044.5782450997285
1638726600000,7805.35227299988
1638726900000,6374.620029300058
1638727200000,6735.991126599765
1638727500000,7229.740589800167
1638727800000,6946.014012100022
1638728100000,7650.736712600155
1638728400000,6424.704967100115
1638728700000,7120.66183700008
1638729000000,6191.7257006
1638729300000,6854.086380599983
1638729600000,6289.6176021997235
1638729900000,7112.268894299996
1638730200000,7252.174242500223
1638730500000,6954.702937799993
1638730800000,5982.331803600391
1638731100000,6568.963095099934
1638731400000,7297.685762900073
1638731700000,6548.895565100065
1638732000000,6962.853886400626
1638732300000,6285.443356600081
1638732600000,6368.336582200027
1638732900000,5756.275549700149
1638733200000,5640.501978999964
1638733500000,6373.423222400197
1638733800000,6911.253707200194
1638734100000,6394.377287499992
1638734400000,5920.554109700606
1638734700000,6548.835677801253
1638735000000,6744.618136000281
1638735300000,6251.348080200114
1638735600000,6250.138830700598
1638735900000,6005.706698400172
1638736200000,6647.661793899533
1638736500000,6458.800340999733
1638736800000,7429.506645300353
1638737100000,8109.449110501009
1638737400000,8399.948556454103
1638737700000,7675.480534133131
1638738000000,7914.357532149782
1638738300000,7403.452313966774
1638738600000,8298.521680394746
1638738900000,7190.782375795824
1638739200000,6331.498345127367
1638739500000,3927.2809236563544
1638739800000,4022.6831601487056
1638740100000,4680.147720040027
1638740400000,4110.463845693311
1638740700000,4189.917405453422
1638741000000,3940.9809959576905
1638741300000,4965.553589387999
1638741600000,4705.392135733342
1638741900000,4726.520423511324
1638742200000,4376.442726113716
1638742500000,5632.232972281386
1638742800000,4695.802810333256
1638743100000,4995.703124800154
1638743400000,4948.431408592721
1638743700000,5297.259080150025
1638744000000,5912.680700099872
1638744300000,5796.549803100197
1638744600000,5469.13222274992
1638744900000,6005.188573600571
1638745200000,6224.702542332973
1638745500000,6460.005755923073
1638745800000,5948.380156100575
1638746100000,6195.849947600618
1638746400000,6983.572947599896
1638746700000,5863.092392500039
1638747000000,5509.188807100418
1638747300000,5601.315081300072
1638747600000,7473.15974380017
1638747900000,5965.676092900503
1638748200000,5995.3512340996895
1638748500000,5913.048436700592
1638748800000,6355.788868099808
1638749100000,6246.670974999688
1638749400000,7079.8086969001815
1638749700000,6646.586513900002
1638750000000,5970.372166299785
1638750300000,6205.873454399443
1638750600000,6371.645488899958
1638750900000,7099.6368515010545
1638751200000,5925.626769899463
1638751500000,6621.618992399999
1638751800000,6617.741138300335
1638752100000,6740.421395900012
1638752400000,7212.933065999096
1638752700000,7512.107280099735
1638753000000,6765.598267798305
1638753300000,7537.0005744544815
1638753600000,8137.047006466927
1638753900000,6624.783525750591
1638754200000,6800.695119749975
1638754500000,5708.456172199721
1638754800000,5924.780949999933
1638755100000,5583.623661900356
1638755400000,6806.485348349428
1638755700000,7464.20637794434
1638756000000,7133.573243334074
1638756300000,6067.031311733051
1638756600000,5806.840357000153
1638756900000,7879.428015500207
1638757200000,7434.9867859996275
1638757500000,6625.155138299442
1638757800000,6151.881812799502
1638758100000,6441.302595399156
1638758400000,6986.76286979944
1638758700000,6340.812815500067
1638759000000,6779.619988698961
1638759300000,5985.735606900471
1638759600000,7674.921543599429
1638759900000,6705.550945301184
1638760200000,7141.14915890943
1638760500000,6766.391742866252
1638760800000,6724.474018449788
1638761100000,6584.249224714383
1638761400000,6648.295846289314
1638761700000,7098.4715708366
1638762000000,7671.299660396836
1638762300000,4277.796774968894
1638762600000,3820.6875860856812
1638762900000,4180.789249750026
1638763200000,3680.006652274985
1638763500000,3764.929145467769
1638763800000,4042.967855013601
1638764100000,4497.623955839845
1638764400000,4196.09513029098
1638764700000,4629.169702999924
1638765000000,4935.693879204565
1638765300000,4977.8592764222185
1638765600000,5098.349936878796
1638765900000,5512.750452733401
1638766200000,5900.402272566711
1638766500000,5627.216268296218

