"Time","mem.mean"
1638162000000,12.14543012272781
1638162300000,12.133629562610428
1638162600000,12.273624185642305
1638162900000,13.396215090629692
1638163200000,12.13565832641371
1638163500000,12.134596821636444
1638163800000,12.13693808450967
1638164100000,12.437219928908942
1638164400000,12.167305057623837
1638164700000,12.618206493433055
1638165000000,12.38654547655116
1638165300000,12.155132474804143
1638165600000,12.169348702335212
1638165900000,12.13942815646382
1638166200000,12.139249585566711
1638166500000,12.883865425003695
1638166800000,12.159328890886238
1638167100000,13.306532817858676
1638167400000,12.161551106494723
1638167700000,13.218259271053757
1638168000000,14.601499201887297
1638168300000,14.57475821004501
1638168600000,12.842794118668298
1638168900000,12.712675458307169
1638169200000,13.158467782337947
1638169500000,13.122991697445343
1638169800000,13.020144781315134
1638170100000,12.914068708128843
1638170400000,12.871777167329858
1638170700000,13.645361174520314
1638171000000,12.821722752809269
1638171300000,12.748444201058925
1638171600000,12.698032644744114
1638171900000,12.680517815919199
1638172200000,12.72367244938755
1638172500000,13.608868227574721
1638172800000,13.056766696130865
1638173100000,12.709163563997329
1638173400000,12.66134128569062
1638173700000,12.393718074251764
1638174000000,12.39813274365255
1638174300000,12.386178414151546
1638174600000,12.384978020898748
1638174900000,12.38270124196059
1638175200000,12.780844898279073
1638175500000,12.700755850925047
1638175800000,13.375034598111313
1638176100000,12.384105007623987
1638176400000,12.370171517346673
1638176700000,12.764575105431234
1638177000000,13.24755977908796
1638177300000,12.382611956512033
1638177600000,12.798538298001096
1638177900000,12.733394642674673
1638178200000,12.365072326173633
1638178500000,12.76809692034647
1638178800000,12.348857096655465
1638179100000,13.26671646810575
1638179400000,13.624126118672265
1638179700000,12.850056001817455
1638180000000,12.77239750278521
1638180300000,13.080958092386629
1638180600000,12.367939381132794
1638180900000,12.378787563132253
1638181200000,12.404600978370105
1638181500000,13.105491749528522
1638181800000,13.697330265882147
1638182100000,12.347899758234846
1638182400000,12.958661829379475
1638182700000,12.362939396013703
1638183000000,13.058061335134914
1638183300000,12.378370897705661
1638183600000,12.369496916179813
1638183900000,12.967729262710526
1638184200000,12.37978954427715
1638184500000,12.384546474564065
1638184800000,12.383301438586987
1638185100000,12.358901709617928
1638185400000,12.347869996418662
1638185700000,12.902848503427071
1638186000000,12.654535750389632
1638186300000,12.738201175988564
1638186600000,12.368202277175762
1638186900000,13.032709228047931
1638187200000,12.358693376904634
1638187500000,12.929118266513097
1638187800000,12.572770120723847
1638188100000,12.409347988051623
1638188400000,13.047481009481123
1638188700000,13.32995040689363
1638189000000,12.698965181651243
1638189300000,12.380935374200277
1638189600000,13.654850233580655
1638189900000,12.856048047476047
1638190200000,12.37819232680855
1638190500000,13.396259733353968
1638190800000,12.367651683576337
1638191100000,13.468913286964426
1638191400000,12.686445377642723
1638191700000,12.382249854415116
1638192000000,12.643087371763773
1638192300000,13.25364111019511
1638192600000,13.164380463153384
1638192900000,13.977622090410446
1638193200000,12.659659743076162
1638193500000,12.365593157956871
1638193800000,12.890502310012966
1638194100000,12.366753868788088
1638194400000,12.37195226601508
1638194700000,13.232683831298122
1638195000000,12.48259677798578
1638195300000,13.665212305915755
1638195600000,12.697085226928888
1638195900000,13.739666449405409
1638196200000,13.489156282272969
1638196500000,13.169886399147623
1638196800000,12.39512183991516
1638197100000,13.18884467605751
1638197400000,12.367453271468438
1638197700000,12.353802518444885
1638198000000,12.64797823022352
1638198300000,12.682348167614581
1638198600000,12.404943239256234
1638198900000,12.369397710125863
1638199200000,13.437395523624435
1638199500000,12.944267030951295
1638199800000,14.87014423568184
1638200100000,18.753371765758633
1638200400000,19.82937054750829
1638200700000,16.93605078556314
1638201000000,14.735561302892947
1638201300000,12.671554548944794
1638201600000,13.106538373397697
1638201900000,12.355563425902501
1638202200000,14.654331385918493
1638202500000,13.623892984445485
1638202800000,14.384446276449575
1638203100000,12.638905836589773
1638203400000,12.649848264340482
1638203700000,14.599817659272839
1638204000000,12.736336102174297
1638204300000,12.966280854322855
1638204600000,13.521839716746877
1638204900000,14.742277552745378
1638205200000,12.859540100575098
1638205500000,13.141920212539052
1638205800000,13.239072701172514
1638206100000,13.105442146501549
1638206400000,13.517216714632795
1638206700000,12.540354542595606
1638207000000,12.55679794603786
1638207300000,12.885373357023742
1638207600000,12.529015290629095
1638207900000,12.724421455094875
1638208200000,13.479379525656174
1638208500000,12.848696878878338
1638208800000,13.70630841376464
1638209100000,12.567403073205138
1638209400000,12.556584653021867
1638209700000,12.572031035621919
1638210000000,12.573598491274332
1638210300000,12.84243201657138
1638210600000,12.588643089355886
1638210900000,12.600026984046675
1638211200000,13.706447302240173
1638211500000,12.84270979352244
1638211800000,12.583960563609434
1638212100000,13.255501223706677
1638212400000,12.559461628586423
1638212700000,12.59084546375358
1638213000000,13.154752515617513
1638213300000,12.566351489033266
1638213600000,12.736737886692797
1638213900000,12.797774411385682
1638214200000,12.564456653402818
1638214500000,12.574620313630017
1638214800000,13.016851140323988
1638215100000,12.981533785117701
1638215400000,13.860122440111786
1638215700000,12.564288003111105
1638216000000,12.54748745787463
1638216300000,14.163182054021664
1638216600000,12.56684255900032
1638216900000,12.859847639342343
1638217200000,12.557442785388536
1638217500000,13.186979602243246
1638217800000,14.970798698019749
1638218100000,12.839351668596226
1638218400000,12.56849930010129
1638218700000,12.558990399830162
1638219000000,12.559203692846152
1638219300000,12.575880230515187
1638219600000,13.373000874005337
1638219900000,13.142520409165448
1638220200000,12.860720652617104
1638220500000,13.951064629767966
1638220800000,12.804570026081274
1638221100000,12.984901830649312
1638221400000,12.822769376678442
1638221700000,12.545324765898513
1638222000000,13.155665211313856
1638222300000,12.82177731613894
1638222600000,12.555870369433425
1638222900000,13.44270800781347
1638223200000,9.294897311813557
1638223500000,3.888763227887219
1638223800000,4.018881888248349
1638224100000,4.220845572880239
1638224400000,4.14036411944041
1638224700000,4.426517368243266
1638225000000,5.937583550057118
1638225300000,4.116806142042165
1638225600000,4.444959764524627
1638225900000,4.413372572615076
1638226200000,4.988891407619121
1638226500000,5.146931533471858
1638226800000,4.189355493309299
1638227100000,4.210208595505869
1638227400000,4.511353383197578
1638227700000,4.489299888343642
1638228000000,4.228164882364
1638228300000,5.3020004394826
1638228600000,4.32115067060779
1638228900000,4.340108938113806
1638229200000,5.018930985854712
1638229500000,4.342757738440392
1638229800000,4.3758925440239045
1638230100000,4.396175211693214
1638230400000,4.387707979188565
1638230700000,4.386765522143524
1638231000000,4.384513545835902
1638231300000,4.389850828890971
1638231600000,5.324019212234878
1638231900000,5.646101427227187
1638232200000,5.406062578155731
1638232500000,5.657227380658896
1638232800000,4.664770509229382
1638233100000,5.351791933262136
1638233400000,4.660658420332865
1638233700000,4.933489814271479
1638234000000,4.668828034823291
1638234300000,4.6522606320315365
1638234600000,4.67839149368033
1638234900000,4.6873200341070245
1638235200000,4.974526378132615
1638235500000,4.7010451848629495
1638235800000,4.743078769071735
1638236100000,4.719204844030799
1638236400000,5.070696679128594
1638236700000,5.253141482147631
1638237000000,5.021058954656408
1638237300000,4.740841673664823
1638237600000,4.733679000122519
1638237900000,4.934660445127423
1638238200000,4.717215763635741
1638238500000,4.7367791877706775
1638238800000,4.7399339387214425
1638239100000,4.729770283535722
1638239400000,4.733822848829393
1638239700000,5.2954726843706394
1638240000000,4.743182935376713
1638240300000,4.927423367081563
1638240600000,4.743480553390936
1638240900000,4.7265411280814
1638241200000,4.749368429772317
1638241500000,5.04683763498837
1638241800000,4.805022998432049
1638242100000,5.127576441946879
1638242400000,5.261628555853229
1638242700000,4.934278502009169
1638243000000,4.9361138130968785
1638243300000,4.9954092421306076
1638243600000,5.499837054137212
1638243900000,5.000523311675009
1638244200000,4.998846730194886
1638244500000,6.821618178905133
1638244800000,4.997318957721872
1638245100000,4.99363841494598
1638245400000,4.9763517686198515
1638245700000,4.978886482040985
1638246000000,5.006917138680571
1638246300000,5.00191715604162
1638246600000,5.0276015906690805
1638246900000,4.9988219286937
1638247200000,5.3263009503439225
1638247500000,5.393617184860966
1638247800000,4.994169167071345
1638248100000,5.465665545804156
1638248400000,5.023896246392002
1638248700000,5.44435113568554
1638249000000,5.0319765754781605
1638249300000,5.028429960808667
1638249600000,5.371300794094465
1638249900000,6.405260497607399
1638250200000,5.278354688252571
1638250500000,5.652152993516391
1638250800000,5.0192930877720165
1638251100000,5.013583782199169
1638251400000,5.013861559012444
1638251700000,5.0164805975376074
1638252000000,5.018757375346415
1638252300000,5.938868267818515
1638252600000,4.993395360234364
1638252900000,5.00262647897552
1638253200000,5.972340373818146
1638253500000,5.01080601406642
1638253800000,5.002557034772201
1638254100000,5.834394424225709
1638254400000,5.988734166101605
1638254700000,5.283200901584171
1638255000000,5.000959818095869
1638255300000,5.0060342052383735
1638255600000,6.01804458020235
1638255900000,7.030412096783394
1638256200000,5.020974629552377
1638256500000,5.471087153963255
1638256800000,5.063856425101698
1638257100000,6.464878346156536
1638257400000,5.134838321493923
1638257700000,5.078618278607168
1638258000000,5.079426807545807
1638258300000,6.602809414848262
1638258600000,5.901953713454367
1638258900000,5.401117158819389
1638259200000,5.830426184036067
1638259500000,5.679518969924212
1638259800000,8.28935613814833
1638260100000,5.906328698263449
1638260400000,5.333071760167499
1638260700000,5.364351413462353
1638261000000,5.415368101400441
1638261300000,5.557257489681335
1638261600000,5.301539131560555
1638261900000,5.069203628757242
1638262200000,6.168123424174619
1638262500000,5.361905985445487
1638262800000,5.061659012096683
1638263100000,5.501206097002639
1638263400000,5.1135239113753075
1638263700000,5.088687688088385
1638264000000,5.071515128667708
1638264300000,5.047095570600698
1638264600000,5.25881606561882
1638264900000,5.131936545855248
1638265200000,5.414495088558721
1638265500000,5.8307337226507645
1638265800000,6.087439180518718
1638266100000,6.086000693449973
1638266400000,5.133181581214748
1638266700000,5.124292723189949
1638267000000,5.126906801414876
1638267300000,5.208553343316765
1638267600000,5.81350659992748
1638267900000,5.215993793672344
1638268200000,5.521662375180245
1638268500000,5.539876597650702
1638268800000,5.249644470480509
1638269100000,5.68563005981626
1638269400000,6.828756050946252
1638269700000,6.643573162196361
1638270000000,5.738328289534709
1638270300000,7.455519747699289
1638270600000,6.706970759526132
1638270900000,6.5988461349588565
1638271200000,6.185539038306911
1638271500000,5.839339843562051
1638271800000,7.771198215085564
1638272100000,7.610881311424018
1638272400000,6.859430547612185
1638272700000,6.660616753810875
1638273000000,7.228457044047961
1638273300000,6.578439459783621
1638273600000,6.5677748142739585
1638273900000,6.563146854152788
1638274200000,7.01146871017809
1638274500000,6.528469395195552
1638274800000,6.525448572351188
1638275100000,7.158308478095561
1638275400000,6.655398517961496
1638275700000,7.118452465690844
1638276000000,7.251071052828687
1638276300000,7.566422140399314
1638276600000,7.040347578158212
1638276900000,6.783711564493575
1638277200000,6.776489367348427
1638277500000,7.919650080580077
1638277800000,6.7601054956654405
1638278100000,6.947723891831724
1638278400000,8.304197356457593
1638278700000,6.75755094104336
1638279000000,10.580935482862907
1638279300000,7.407504041404619
1638279600000,7.64872840223273
1638279900000,8.67682503086547
1638280200000,7.566456862500973
1638280500000,7.902050935339014
1638280800000,10.757670980309097
1638281100000,7.564805082522035
1638281400000,7.5684955458984025
1638281700000,7.537860731634365
1638282000000,7.9150221204589055
1638282300000,8.838952444113538
1638282600000,7.5435551563065015
1638282900000,9.097443610066831
1638283200000,8.19497154523769
1638283500000,7.528793302801032
1638283800000,7.520177261289271
1638284100000,8.097015536156373
1638284400000,7.532305195368865
1638284700000,7.8134649334054895
1638285000000,7.527206006725175
1638285300000,10.73786946176278
1638285600000,9.802426281257953
1638285900000,8.170353575161197
1638286200000,7.949015057983429
1638286500000,9.157339235429243
1638286800000,7.671044792999231
1638287100000,7.674631090070621
1638287400000,7.990111145447412
1638287700000,7.683351297887358
1638288000000,8.660163382369209
1638288300000,8.873401729259868
1638288600000,7.975279847738624
1638288900000,8.253646936741786
1638289200000,8.440818905886735
1638289500000,8.455387307682958
1638289800000,9.703572457833728
1638290100000,8.877970165778196
1638290400000,7.979089358320681
1638290700000,8.93698285769841
1638291000000,7.9453841182099065
1638291300000,7.948613273664227
1638291600000,8.230224399022424
1638291900000,8.229247219875724
1638292200000,9.364362326122876
1638292500000,9.189873844684072
1638292800000,8.38580917625782
1638293100000,8.890341154569404
1638293400000,8.463050971549205
1638293700000,7.964099331004308
1638294000000,7.989768884731054
1638294300000,9.757937348431826
1638294600000,8.388413333882273
1638294900000,8.081514597915582
1638295200000,8.91624880270753
1638295500000,8.385223860829848
1638295800000,8.256915774598005
1638296100000,8.10622681369658
1638296400000,8.368978877553499
1638296700000,6.842569867068914
1638297000000,4.372961006583806
1638297300000,4.310039598076792
1638297600000,4.446209760184365
1638297900000,5.006421108656864
1638298200000,4.624324221096454
1638298500000,4.934134653302296
1638298800000,4.902225041877335
1638299100000,4.574403759510755
1638299400000,4.894854035725074
1638299700000,5.159044586650741
1638300000000,4.6309809440145795
1638300300000,4.570431596949617
1638300600000,4.593506541177124
1638300900000,4.729622747641614
1638301200000,4.864776651564139
1638301500000,4.746383676967933
1638301800000,4.90638383569825
1638302100000,4.792231936738032
1638302400000,4.788219035931583
1638302700000,4.56241524049131
1638303000000,4.783992841262739
1638303300000,4.621408354571781
1638303600000,4.67408697826089
1638303900000,5.042013930569375
1638304200000,5.397996426583757
1638304500000,5.186577566049173
1638304800000,5.570987669630624
1638305100000,5.323323733456085
1638305400000,4.903873912573326
1638305700000,4.927708261615338
1638306000000,6.070368125365205
1638306300000,5.045421672045309
1638306600000,6.371529138421764
1638306900000,5.612917274719519
1638307200000,5.756498766367824
1638307500000,5.0750744792405555
1638307800000,5.824117881069326
1638308100000,5.094310609435128
1638308400000,5.389558918213213
1638308700000,5.8244155004122025
1638309000000,5.137485255441722
1638309300000,5.143918793570232
1638309600000,5.148080504048119
1638309900000,6.775532515409242
1638310200000,5.14020351210666
1638310500000,5.874093129060643
1638310800000,5.127663817126803
1638311100000,5.135416801008731
1638311400000,5.678874681423295
1638311700000,5.130248145087445
1638312000000,5.742892602075994
1638312300000,5.135010054573467
1638312600000,5.796082138970377
1638312900000,5.147777924382861
1638313200000,5.4033386937883865
1638313500000,5.437402469229237
1638313800000,4.829896705630601
1638314100000,4.562244860099854
1638314400000,4.513646067624169
1638314700000,5.184412688130423
1638315000000,4.845183790976558
1638315300000,4.529665168208077
1638315600000,4.871962512797732
1638315900000,5.672110319710162
1638316200000,4.939588687657119
1638316500000,4.903108257031608
1638316800000,4.913251180499916
1638317100000,5.480623155547222
1638317400000,4.673200320482287
1638317700000,5.22640328825256
1638318000000,4.6853437513474585
1638318300000,5.010804745464263
1638318600000,5.636637663487582
1638318900000,5.043354354538043
1638319200000,4.803584267488395
1638319500000,4.829405352936635
1638319800000,4.848929101817303
1638320100000,5.517043420536738
1638320400000,5.220757746074944
1638320700000,4.929716509550793
1638321000000,4.987951831391822
1638321300000,5.094048916667586
1638321600000,5.085390078887177
1638321900000,5.029696755166976
1638322200000,5.482182448280115
1638322500000,5.056851512213123
1638322800000,6.105167526199628
1638323100000,5.049235545456642
1638323400000,5.053091159963379
1638323700000,5.323485555734939
1638324000000,6.314208014664372
1638324300000,5.040967784310206
1638324600000,5.088473567731965
1638324900000,5.652972633660466
1638325200000,5.2367066534168565
1638325500000,5.236305549176884
1638325800000,5.235683837604926
1638326100000,5.2369122193398425
1638326400000,5.235237609137957
1638326700000,5.572455971288958
1638327000000,5.287210691032412
1638327300000,5.2888000665833035
1638327600000,5.286022419721493
1638327900000,6.439232206263844
1638328200000,5.2692662900966365
1638328500000,5.281800797595781
1638328800000,6.8883937479882125
1638329100000,5.627863508238179
1638329400000,5.271958702307453
1638329700000,5.346458801079372
1638330000000,5.62653986424627
1638330300000,5.6249504886953785
1638330600000,6.517638057572496
1638330900000,5.802378949247277
1638331200000,5.613749652794143
1638331500000,5.641295486474264
1638331800000,5.586404371234007
1638332100000,5.902690105861437
1638332400000,5.749062168148914
1638332700000,5.588384823418872
1638333000000,5.582644018984264
1638333300000,8.211456138749979
1638333600000,5.808726423844844
1638333900000,5.562363185850647
1638334200000,5.564819949320478
1638334500000,5.554782315715164
1638334800000,7.948281619297927
1638335100000,5.6718345605451805
1638335400000,6.22199916369766
1638335700000,5.531021903299784
1638336000000,5.53723400521636
1638336300000,5.833399348406163
1638336600000,5.530701019907806
1638336900000,5.537269101837358
1638337200000,5.534105392144574
1638337500000,6.277080803451904
1638337800000,5.812481762291588
1638338100000,6.92552597300368
1638338400000,5.8462747945092834
1638338700000,6.098408919756088
1638339000000,5.530841406391796
1638339300000,5.521430498161439
1638339600000,5.531041958511783
1638339900000,5.855725813163639
1638340200000,6.405278732350159
1638340500000,5.608921360505471
1638340800000,5.926119607278839
1638341100000,6.0668570574792415
1638341400000,5.608094083010528
1638341700000,5.619319987926763
1638342000000,5.61319312066118
1638342300000,5.604163261458796
1638342600000,5.605311422345718
1638342900000,7.149166655803427
1638343200000,6.239036066290498
1638343500000,5.598292098146197
1638343800000,5.60468469697076
1638344100000,5.938197858705015
1638344400000,5.593930089536494
1638344700000,6.124320253658321
1638345000000,6.191851166260715
1638345300000,5.633990375503762
1638345600000,5.718232293504016
1638345900000,5.825322111773714
1638346200000,5.816352418207325
1638346500000,5.8145123525064495
1638346800000,5.818723947026163
1638347100000,6.1325980424107565
1638347400000,5.816903936537288
1638347700000,5.870135482984656
1638348000000,7.123074824993206
1638348300000,6.132337324654774
1638348600000,6.305965322532932
1638348900000,5.818548463921175
1638349200000,6.284802060071376
1638349500000,6.422892222287959
1638349800000,5.803527110134199
1638350100000,5.812541927927585
1638350400000,5.813364191619528
1638350700000,5.813319067392532
1638351000000,5.804895878353106
1638351300000,6.66685384864532
1638351600000,8.765942640088163
1638351900000,6.126892334597146
1638352200000,6.136854761157467
1638352500000,6.137270906806438
1638352800000,5.802975591804237
1638353100000,5.974898896662512
1638353400000,5.807693580426916
1638353700000,6.993377768998052
1638354000000,6.837869655160657
1638354300000,
1638354600000,24.158144872834914
1638354900000,6.9278724328075185
1638355200000,5.9369544355611
1638355500000,5.93900006718496
1638355800000,6.767992282754423
1638356100000,6.729656745019037
1638356400000,6.371219968573484
1638356700000,6.689350782704787
1638357000000,6.618094614473645
1638357300000,7.557405537444585
1638357600000,7.143255382066829
1638357900000,7.344995773364071
1638358200000,6.89076527680705
1638358500000,6.713647672041129
1638358800000,7.2382519075013505
1638359100000,6.760621992344926
1638359400000,6.778370854963716
1638359700000,8.006852865939932
1638360000000,7.230049325793911
1638360300000,7.110655634963054
1638360600000,7.731549957031708
1638360900000,9.958881801599805
1638361200000,6.81611977774814
1638361500000,7.84487193242998
1638361800000,8.48168006521955
1638362100000,7.2185727307276935
1638362400000,7.641471972339852
1638362700000,7.629092892733695
1638363000000,6.967225772551835
1638363300000,7.2888010693439025
1638363600000,7.144358418726755
1638363900000,7.3167680624759965
1638364200000,6.956651662025557
1638364500000,7.786746914254943
1638364800000,6.936315677058943
1638365100000,6.924949385658718
1638365400000,7.9114201396444415
1638365700000,7.215058054824934
1638366000000,7.492296291691025
1638366300000,9.54941453822373
1638366600000,7.226499553270152
1638366900000,7.383932967459415
1638367200000,7.935100331211826
1638367500000,6.9400760293086865
1638367800000,8.695934908803938
1638368100000,7.831159181225916
1638368400000,7.0805728169651045
1638368700000,7.57113333005765
1638369000000,7.358046702572182
1638369300000,8.991338153937791
1638369600000,7.72551835202312
1638369900000,7.51306847751861
1638370200000,7.835280527291634
1638370500000,7.786060023243991
1638370800000,7.096902773334991
1638371100000,7.093012062207256
1638371400000,8.326031564898164
1638371700000,8.474420078476044
1638372000000,7.855160256185277
1638372300000,7.671635011185794
1638372600000,8.99662270229943
1638372900000,7.927644806151335
1638373200000,9.525293131992374
1638373500000,8.384572728722173
1638373800000,7.553203970530871
1638374100000,9.906031304180411
1638374400000,7.534858465355123
1638374700000,7.845679154712924
1638375000000,8.247996735011487
1638375300000,7.52582359234974
1638375600000,7.532351563855293
1638375900000,7.552812893896899
1638376200000,8.806609596218388
1638376500000,7.997261460801587
1638376800000,8.306282194882511
1638377100000,8.761726031765452
1638377400000,7.750823015762393
1638377700000,7.68505696181588
1638378000000,8.283334018553077
1638378300000,8.143499052892613
1638378600000,8.757589644290732
1638378900000,8.924774905314331
1638379200000,8.72887058070869
1638379500000,9.00618402461978
1638379800000,9.590151687595952
1638380100000,8.475783832891953
1638380400000,8.461940722809896
1638380700000,9.681016839358753
1638381000000,9.083020555589538
1638381300000,9.046414779889034
1638381600000,8.439674423688412
1638381900000,8.4325648510349
1638382200000,6.874921959747496
1638382500000,4.955193407929968
1638382800000,6.380611488701874
1638383100000,4.585634509558045
1638383400000,4.724280480436984
1638383700000,4.812207154967416
1638384000000,4.698040375040054
1638384300000,5.074186581534308
1638384600000,4.711300025382678
1638384900000,5.215590491657234
1638385200000,4.756552337849541
1638385500000,4.532092789774593
1638385800000,4.796869838164523
1638386100000,5.167877150671776
1638386400000,4.958060474266344
1638386700000,4.982266847486952
1638387000000,4.686319133253109
1638387300000,5.110719355872377
1638387600000,4.7358677935196365
1638387900000,4.764950163641035
1638388200000,4.7978966248974455
1638388500000,7.072879040554605
1638388800000,4.896478071902849
1638389100000,4.800213095449499
1638389400000,4.838829205187704
1638389700000,6.2731113820549425
1638390000000,5.424673040350238
1638390300000,4.960610079970317
1638390600000,5.3838942300538
1638390900000,5.120198531942988
1638391200000,6.446320879286587
1638391500000,5.090213383148198
1638391800000,5.390436895274698
1638392100000,5.389023203396036
1638392400000,5.091031836341108
1638392700000,5.074459399265277
1638393000000,5.360367420999426
1638393300000,5.095739182280934
1638393600000,5.404891274693725
1638393900000,5.829132766996791
1638394200000,5.109107251098464
1638394500000,5.1436013329378305
1638394800000,5.430050029811538
1638395100000,5.389033124040798
1638395400000,5.126106275899083
1638395700000,5.112465389350584
1638396000000,5.117291783027563
1638396300000,5.404916076305631
1638396600000,5.2784576175174776
1638396900000,5.111775904539588
1638397200000,5.112023920658652
1638397500000,5.766454133387037
1638397800000,5.6853975053546675
1638398100000,5.677108806655562
1638398400000,5.73071005030759
1638398700000,6.5344906096137
1638399000000,5.776235889122906
1638399300000,5.769971001955359
1638399600000,5.77598291268146
1638399900000,6.367213657950058
1638400200000,5.773859894702276
1638400500000,6.708196139083472
1638400800000,6.079544721770557
1638401100000,5.773983902761808
1638401400000,7.065770898582241
1638401700000,5.901389783124785
1638402000000,6.431355586662289
1638402300000,6.0768463063951454
1638402600000,6.413989498005454
1638402900000,6.088517944958279
1638403200000,6.086687585999589
1638403500000,6.085918736030491
1638403800000,6.095680650476835
1638404100000,7.037283767146593
1638404400000,6.095854261760179
1638404700000,6.104887008816478
1638405000000,6.107213400013293
1638405300000,6.110492173107315
1638405600000,6.10946042605201
1638405900000,6.106151891023702
1638406200000,6.4284141154901935
1638406500000,6.1052739139622165
1638406800000,6.599064086373102
1638407100000,6.1046538736645575
1638407400000,6.102843355995393
1638407700000,6.103131054693507
1638408000000,6.106315581662284
1638408300000,6.0974316442774255
1638408600000,6.108463401253374
1638408900000,6.415804975997
1638409200000,6.420318869363958
1638409500000,7.808112904873913
1638409800000,7.676133607275405
1638410100000,6.136613230767095
1638410400000,6.4389746418399225
1638410700000,6.591226777010691
1638411000000,6.778776566246593
1638411300000,6.112803683336987
1638411600000,6.578275375273189
1638411900000,6.123354289041954
1638412200000,6.552928127904889
1638412500000,6.8200365278140165
1638412800000,6.573369616438112
1638413100000,6.55601344842604
1638413400000,6.958861070298681
1638413700000,6.770869812370845
1638414000000,6.534064021888911
1638414300000,6.530284256234381
1638414600000,6.534108664790341
1638414900000,6.526370561875557
1638415200000,6.804485917148727
1638415500000,6.522799129761042
1638415800000,6.589064076452456
1638416100000,6.601990676578052
1638416400000,7.162001152778922
1638416700000,6.606167268023083
1638417000000,6.967115046741118
1638417300000,6.594247613340886
1638417600000,6.595924202305755
1638417900000,6.599098808629771
1638418200000,6.59320594564082
1638418500000,6.596732734853903
1638418800000,6.5984390857530615
1638419100000,7.703192165865244
1638419400000,6.5895650690129655
1638419700000,6.643285360402143
1638420000000,6.656182198593451
1638420300000,6.69329533065013
1638420600000,6.632263524070957
1638420900000,7.153370191835508
1638421200000,7.427884353059875
1638421500000,6.6459192915865986
1638421800000,6.605829966101157
1638422100000,6.870354038049641
1638422400000,6.599143451531202
1638422700000,7.937691406439887
1638423000000,7.692909417568866
1638423300000,7.2423186927764815
1638423600000,7.834670470903245
1638423900000,6.6084837385751385
1638424200000,6.605978775772596
1638424500000,6.595696027476218
1638424800000,7.211063701452085
1638425100000,7.499456844699251
1638425400000,6.605874609002589
1638425700000,6.884664568119611
1638426000000,6.610626597843847
1638426300000,6.594004557544205
1638426600000,6.589644434171066
1638426900000,9.668030424633356
1638427200000,7.017764898576289
1638427500000,6.947640821072244
1638427800000,7.23623237721466
1638428100000,6.589297211604377
1638428400000,6.588974790649594
1638428700000,6.586137486247506
1638429000000,6.5949817410533145
1638429300000,6.591306142168792
1638429600000,6.592992651778426
1638429900000,6.874034597256545
1638430200000,7.6051117114203475
1638430500000,6.561559088848301
1638430800000,7.241921866985979
1638431100000,6.841985954351145
1638431400000,6.977789660505616
1638431700000,6.5518715792376785
1638432000000,7.460394305946731
1638432300000,22.79156526940999
1638432600000,
1638432900000,38.80538943987048
1638433200000,7.274203645043299
1638433500000,6.828870861975062
1638433800000,6.7797091068542725
1638434100000,6.939074344319787
1638434400000,6.718930276716544
1638434700000,6.498066962368017
1638435000000,6.505596731742789
1638435300000,6.867482011390884
1638435600000,6.781737878708213
1638435900000,6.6285482426073825
1638436200000,7.4124081472303045
1638436500000,6.616817080175674
1638436800000,8.093981244029012
1638437100000,7.525969767827151
1638437400000,6.929500922123931
1638437700000,6.937680493730649
1638438000000,6.847511753483883
1638438300000,6.959307499312996
1638438600000,7.692755647575048
1638438900000,6.943305499311011
1638439200000,6.887878857022676
1638439500000,6.620090892947315
1638439800000,6.62171787868837
1638440100000,6.889798501784227
1638440400000,6.634029398838689
1638440700000,7.057968311476499
1638441000000,6.623002602185122
1638441300000,7.35308269155029
1638441600000,6.618325018179581
1638441900000,7.053429616497636
1638442200000,6.799257737358867
1638442500000,6.623429189909911
1638442800000,6.618964899766766
1638443100000,6.896604064091333
1638443400000,7.764258694701087
1638443700000,14.812251797868848
1638444000000,7.558787260701647
1638444300000,6.668052250051835
1638444600000,7.292953663644508
1638444900000,6.824292484417147
1638445200000,6.64830024632961
1638445500000,7.891327273142136
1638445800000,6.629867688360801
1638446100000,6.910046537744582
1638446400000,6.963002939487043
1638446700000,6.948221178790851
1638447000000,7.083270915943369
1638447300000,6.619282360399167
1638447600000,6.636073051659774
1638447900000,6.935225134151918
1638448200000,7.339119384047008
1638448500000,7.691728860842123
1638448800000,6.637977815454183
1638449100000,7.929258858391725
1638449400000,6.6258696685214975
1638449700000,7.551654317117378
1638450000000,7.559402340676925
1638450300000,6.6185234310748315
1638450600000,6.619912321341589
1638450900000,7.1052104218357375
1638451200000,6.625735739817202
1638451500000,6.9303838595077965
1638451800000,6.624703992761897
1638452100000,8.612478782221014
1638452400000,6.629421259346488
1638452700000,7.668747687249689
1638453000000,7.013017870057411
1638453300000,6.6210531954892815
1638453600000,6.901822323236432
1638453900000,6.9907113003088295
1638454200000,7.2997344243397055
1638454500000,6.6239252221480385
1638454800000,6.631658364740441
1638455100000,6.908999909722132
1638455400000,7.811123820559345
1638455700000,7.3343376332714625
1638456000000,7.075706424311929
1638456300000,6.794242851431401
1638456600000,7.8009650803225
1638456900000,6.804064289746319
1638457200000,9.156487258419899
1638457500000,7.204719449126438
1638457800000,6.803464090738186
1638458100000,6.823032562532305
1638458400000,7.399233530985645
1638458700000,7.67588559115634
1638459000000,6.712071803899485
1638459300000,4.938804873293369
1638459600000,5.84719733426122
1638459900000,4.536258319152627
1638460200000,5.656071163914255
1638460500000,5.705577454732881
1638460800000,5.351251996747045
1638461100000,5.810596572363718
1638461400000,6.0134099175028854
1638461700000,6.2177574863599485
1638462000000,5.743130839200317
1638462300000,6.473295983843521
1638462600000,6.286496725485261
1638462900000,6.823825992958615
1638463200000,6.498069184464832
1638463500000,5.762875195412971
1638463800000,5.945046713602548
1638464100000,6.710950246027314
1638464400000,6.08416971923706
1638464700000,6.7784661172207095
1638465000000,5.83783656406086
1638465300000,5.832572070911218
1638465600000,5.848631281919123
1638465900000,6.203488203022922
1638466200000,5.880854993797927
1638466500000,6.8528208157056385
1638466800000,6.241853823576305
1638467100000,7.511619488451707
1638467400000,7.988883395989158
1638467700000,6.179276548337574
1638468000000,6.819659522665899
1638468300000,6.1495497103526
1638468600000,6.449600750867137
1638468900000,6.136995147641457
1638469200000,7.09031463619344
1638469500000,7.1024580670586115
1638469800000,6.127047762490135
1638470100000,6.12712798333813
1638470400000,6.128707331283022
1638470700000,6.41481999945851
1638471000000,6.94675942870723
1638471300000,6.0774060989905205
1638471600000,
1638471900000,17.306244089979714
1638472200000,6.159191253520943
1638472500000,6.144335355232957
1638472800000,6.471109965735669
1638473100000,6.118088096529747
1638473400000,7.402679576875139
1638473700000,6.12243004992745
1638474000000,6.659328130342834
1638474300000,6.830464268130163
1638474600000,6.985120035457615
1638474900000,6.405659781378134
1638475200000,7.0234154627690035
1638475500000,5.578059970527434
1638475800000,4.854781881185571
1638476100000,5.141559713892345
1638476400000,4.715456652163406
1638476700000,4.74559462199435
1638477000000,4.933361544331545
1638477300000,5.921682391624142
1638477600000,5.401836255210595
1638477900000,5.201890805387231
1638478200000,6.451089850358035
1638478500000,5.654536940196361
1638478800000,5.397649729705881
1638479100000,5.577795671483594
1638479400000,4.9622611048215735
1638479700000,4.96319367217951
1638480000000,5.57405036064285
1638480300000,5.343169746311597
1638480600000,5.330269231193476
1638480900000,5.053181408417373
1638481200000,5.050473954797559
1638481500000,5.056841484607123
1638481800000,5.060932747854845
1638482100000,5.091100800503787
1638482400000,5.770059975111482
1638482700000,5.378988354941153
1638483000000,5.14793727130791
1638483300000,5.348770164262214
1638483600000,16.64002498879415
1638483900000,5.182422208339559
1638484200000,5.364839402876118
1638484500000,5.1778245509888725
1638484800000,5.178671883695815
1638485100000,5.452580955370133
1638485400000,5.34208676486367
1638485700000,5.223660738011746
1638486000000,5.224743719459672
1638486300000,5.5131777784240015
1638486600000,5.235723948028924
1638486900000,5.519149217796594
1638487200000,5.227531393927483
1638487500000,5.542999878665968
1638487800000,5.226899654749526
1638488100000,5.2290606038423775
1638488400000,5.22639827444956
1638488700000,6.174112331247924
1638489000000,5.235548464923935
1638489300000,5.55190940659636
1638489600000,5.234575787142002
1638489900000,5.545135758743822
1638490200000,5.519129162584596
1638490500000,5.227255634762501
1638490800000,5.2183410930291085
1638491100000,5.229386501037356
1638491400000,5.630225009451019
1638491700000,6.19309458940463
1638492000000,5.233828730495053
1638492300000,5.244347689188336
1638492600000,5.569186971733181
1638492900000,5.270920845086523
1638493200000,6.079461758220381
1638493500000,5.2651649992429155
1638493800000,5.270760403390534
1638494100000,5.268900282477661
1638494400000,5.259343973960314
1638494700000,5.268383860768696
1638495000000,5.934562851530263
1638495300000,6.4860510986746505
1638495600000,5.326293285414747
1638495900000,5.2646485775339515
1638496200000,5.259078242401332
1638496500000,5.590395358421735
1638496800000,16.932284579447217
1638497100000,5.188007584881179
1638497400000,5.195628565440658
1638497700000,6.157947830377028
1638498000000,5.500462774016869
1638498300000,5.213943987798409
1638498600000,5.190895535408981
1638498900000,5.187922350230183
1638499200000,5.190795259348987
1638499500000,5.18388122501246
1638499800000,5.482969615351061
1638500100000,5.19545809613867
1638500400000,8.279137465442364
1638500700000,5.3869703293166085
1638501000000,5.434325698648379
1638501300000,5.773414209318252
1638501600000,5.413718968319785
1638501900000,5.373538351080525
1638502200000,5.381981595331949
1638502500000,5.648064120523801
1638502800000,5.357047953014649
1638503100000,5.346985250394335
1638503400000,5.354310416576836
1638503700000,5.853279077299805
1638504000000,5.685131166100274
1638504300000,5.634862777225702
1638504600000,5.47433083278265
1638504900000,5.477564735717431
1638505200000,5.4723604082037856
1638505500000,5.768987021269555
1638505800000,5.478998683375333
1638506100000,5.482337876173104
1638506400000,5.476356409194514
1638506700000,5.481109494438188
1638507000000,5.475880097909545
1638507300000,5.478477247863368
1638507600000,6.531611526532544
1638507900000,6.345674642290224
1638508200000,5.530465371166822
1638508500000,6.108266056453417
1638508800000,5.728415327396322
1638509100000,5.780127691534796
1638509400000,5.487226334097771
1638509700000,5.479374718600306
1638510000000,5.822263691943921
1638510300000,5.474596564341633
1638510600000,6.094688677930343
1638510900000,5.476451671451507
1638511200000,6.0371903851302635
1638511500000,5.465872547122228
1638511800000,5.5999165703180855
1638512100000,5.597113854441277
1638512400000,8.339132632136272
1638512700000,6.20029441051214
1638513000000,5.657008745075191
1638513300000,5.6687109612763935
1638513600000,6.268401910459495
1638513900000,6.1327434426977465
1638514200000,5.667713214479463
1638514500000,5.661120063534911
1638514800000,6.252071954089608
1638515100000,5.729302770527262
1638515400000,6.71392343120611
1638515700000,5.652065135317529
1638516000000,5.667668090252464
1638516300000,6.5591523464096655
1638516600000,5.662739521903801
1638516900000,5.651393285715574
1638517200000,6.427464810623647
1638517500000,5.658863852185066
1638517800000,5.645416832539983
1638518100000,6.829080458502257
1638518400000,5.967307998921029
1638518700000,5.6462240548229286
1638519000000,5.651804417561547
1638519300000,6.833638005428947
1638519600000,5.648159382780795
1638519900000,5.943963732154622
1638520200000,6.803700587717986
1638520500000,5.638658226096443
1638520800000,5.953565164898967
1638521100000,6.299091398620402
1638521400000,6.436514725038029
1638521700000,5.631914661061903
1638522000000,5.637941252267493
1638522300000,5.631463418791934
1638522600000,5.637184168014544
1638522900000,5.709112185847639
1638523200000,5.764700219704848
1638523500000,5.774823087961157
1638523800000,6.142008950641115
1638524100000,6.487550225771548
1638524400000,5.774557356402175
1638524700000,5.769864436794495
1638525000000,6.066094959423292
1638525300000,7.95147541180871
1638525600000,6.052026228206252
1638525900000,8.985482032034188
1638526200000,7.053728915704935
1638526500000,6.625720608836126
1638526800000,6.838250704188631
1638527100000,6.415271241728479
1638527400000,5.777355058475985
1638527700000,6.533230984901434
1638528000000,6.536164059656234
1638528300000,5.850180547046018
1638528600000,6.5492049612583445
1638528900000,6.132703332273749
1638529200000,6.07653871107158
1638529500000,5.775680448274099
1638529800000,5.781125438331728
1638530100000,6.0188599213635126
1638530400000,6.074001726753753
1638530700000,6.081502376041241
1638531000000,6.118679725283707
1638531300000,7.372862490436171
1638531600000,6.543188397658755
1638531900000,6.375271121397207
1638532200000,6.082926296093145
1638532500000,6.079832779642355
1638532800000,6.079216081873398
1638533100000,6.7697721828193025
1638533400000,6.086857117644876
1638533700000,6.079191012858399
1638534000000,6.473581770614501
1638534300000,6.092773405184472
1638534600000,6.082214336067193
1638534900000,6.07946175822038
1638535200000,6.0863055993149136
1638535500000,7.071994200032689
1638535800000,7.340282798544392
1638536100000,6.06656625690526
1638536400000,7.315579791165078
1638536700000,6.068787371634109
1638537000000,6.357863197382395
1638537300000,7.325176210106423
1638537600000,6.343313141077386
1638537900000,6.0790706815864075
1638538200000,6.073640732937777
1638538500000,7.079003496626212
1638538800000,6.066786864237245
1638539100000,6.296288682743593
1638539400000,6.516279316959588
1638539700000,6.406928273537048
1638540000000,7.349327699155775
1638540300000,6.854816309299501
1638540600000,7.155448950961999
1638540900000,6.217140788590991
1638541200000,7.504479832980195
1638541500000,6.865345295598784
1638541800000,6.228466969567219
1638542100000,6.585830792170848
1638542400000,6.412909740515639
1638542700000,6.401869346310393
1638543000000,6.42684811285469
1638543300000,7.121535587472311
1638543600000,6.566136573988189
1638543900000,7.3764222905659285
1638544200000,6.98738126061046
1638544500000,6.984929510943627
1638544800000,6.831547249578089
1638545100000,6.5569462730898165
1638545400000,7.0915329903223565
1638545700000,6.5451538084346215
1638546000000,7.727127782786009
1638546300000,6.526331991973905
1638546600000,6.469806376955759
1638546900000,6.477036280881267
1638547200000,6.479838996758074
1638547500000,6.46230572766827
1638547800000,7.735942048459409
1638548100000,7.420919792187893
1638548400000,7.269563107234215
1638548700000,6.628713849226922
1638549000000,6.46877353353783
1638549300000,7.852522995807457
1638549600000,7.004197555871315
1638549900000,6.479157119550122
1638550200000,6.468467691554851
1638550500000,6.52374486962608
1638550800000,6.631160585090756
1638551100000,6.674274277084814
1638551400000,7.149131559182429
1638551700000,6.954611044204697
1638552000000,7.654858826348938
1638552300000,7.362443807802881
1638552600000,6.622937948171315
1638552900000,6.6168562051327315
1638553200000,7.401411084716225
1638553500000,7.877130740929779
1638553800000,7.5930687181811525
1638554100000,6.636470202467393
1638554400000,6.641072873621079
1638554700000,6.627961778776973
1638555000000,6.915869388426337
1638555300000,6.615773223684805
1638555600000,6.918812490787137
1638555900000,6.966939985780854
1638556200000,8.104140699345297
1638556500000,8.072964872293424
1638556800000,6.631922683146703
1638557100000,6.999334166961646
1638557400000,6.62391563975625
1638557700000,6.615246774369839
1638558000000,7.150455203174339
1638558300000,7.047050530109391
1638558600000,6.6192427753605685
1638558900000,6.61202791284406
1638559200000,6.614920877174862
1638559500000,6.807245346438745
1638559800000,6.525464604054963
1638560100000,8.149229829721223
1638560400000,6.937804776549842
1638560700000,7.175052920690662
1638561000000,6.518039161812469
1638561300000,6.846478354911071
1638561600000,7.764465573724465
1638561900000,6.525820584067939
1638562200000,6.690769688953689
1638562500000,6.523935394140068
1638562800000,7.233017497169709
1638563100000,6.513712249823764
1638563400000,6.513025358812811
1638563700000,6.523383875810106
1638564000000,6.510638788584974
1638564300000,6.852309407799673
1638564600000,7.802986622170836
1638564900000,6.550623867507246
1638565200000,7.615199644621643
1638565500000,6.544857994057641
1638565800000,6.894821443433773
1638566100000,6.554905655268956
1638566400000,7.424374302454657
1638566700000,6.862276848162994
1638567000000,6.543268618506749
1638567300000,8.06657227346886
1638567600000,6.524401677819036
1638567900000,6.52843778923376
1638568200000,6.523118144251123
1638568500000,6.522361059998175
1638568800000,7.761873437573641
1638569100000,6.793893589050657
1638569400000,7.22478984644727
1638569700000,6.5190569638214
1638570000000,6.529450577439692
1638570300000,6.808177913796682
1638570600000,6.522315935771178
1638570900000,6.525454576448965
1638571200000,6.529992068163655
1638571500000,6.807641436875718
1638571800000,6.520270304147317
1638572100000,6.572634462675746
1638572400000,6.569736484541944
1638572700000,6.558004185522743
1638573000000,6.554960807101952
1638573300000,6.5520728565741475
1638573600000,6.549560941271319
1638573900000,6.851507199319727
1638574200000,6.545971058323564
1638574500000,7.033758938357297
1638574800000,6.542651920737791
1638575100000,6.541298193927884
1638575400000,6.546276900306543
1638575700000,6.55499590372295
1638576000000,6.5522182568611385
1638576300000,7.8786699784506755
1638576600000,6.547550406268456
1638576900000,6.548217242067412
1638577200000,6.543529336262731
1638577500000,6.541087614201897
1638577800000,6.5449582701176325
1638578100000,6.6448181844618235
1638578400000,6.709822140352389
1638578700000,6.547720875570446
1638579000000,6.548227269673411
1638579300000,6.548207214461412
1638579600000,6.552659471525109
1638579900000,7.237304298734417
1638580200000,6.547590516692455
1638580500000,6.555742960369898
1638580800000,7.042743673332685
1638581100000,6.992139359657136
1638581400000,6.830158426147183
1638581700000,6.5490244643503575
1638582000000,6.545820644233575
1638582300000,6.553752480579033
1638582600000,6.739077680855395
1638582900000,6.827601386617357
1638583200000,6.544863007860641
1638583500000,6.5479615381144285
1638583800000,6.5484679322173935
1638584100000,6.547289688512476
1638584400000,6.847245466770017
1638584700000,6.8379147793876545
1638585000000,6.547740930782444
1638585300000,6.543609557110726
1638585600000,6.551401006972195
1638585900000,7.454933431737574
1638586200000,6.547184398649482
1638586500000,6.544747690391648
1638586800000,6.548207214461412
1638587100000,6.55030298411527
1638587400000,6.545274139706613
1638587700000,6.544637386725656
1638588000000,6.572203275617776
1638588300000,6.628819139089915
1638588600000,6.941093831317618
1638588900000,6.638791593256235
1638589200000,6.96832379540876
1638589500000,7.467568215296711
1638589800000,7.131302475715645
1638590100000,6.646026510984742
1638590400000,6.638515834091254
1638590700000,6.9492913992220595
1638591000000,6.633782804059575
1638591300000,6.633817900680573
1638591600000,6.633898121528569
1638591900000,6.6341839082995495
1638592200000,6.63664067176938
1638592500000,6.6376685013843115
1638592800000,6.989271464341331
1638593100000,6.631932710752702
1638593400000,6.684848387611093
1638593700000,6.993463003649046
1638594000000,6.647666024565629
1638594300000,7.038592244448968
1638594600000,6.64719974088666
1638594900000,6.638706358605241
1638595200000,6.702100883732916
1638595500000,6.704803323549733
1638595800000,8.396841504662335
1638596100000,7.097875451116924
1638596400000,6.722110971504553
1638596700000,7.2932533264076
1638597000000,6.710223244592363
1638597300000,7.02098376831417
1638597600000,6.704276874234767
1638597900000,6.708844448767456
1638598200000,7.320944560374711
1638598500000,7.731339377305723
1638598800000,6.7284083080721215
1638599100000,7.399425618728358
1638599400000,6.717498272744867
1638599700000,6.708022185075512
1638600000000,6.7111658395562985
1638600300000,7.0161554760254985
1638600600000,6.704938696230722
1638600900000,6.7126248562291995
1638601200000,6.7088243935554575
1638601500000,7.339014306385479
1638601800000,7.297560183184307
1638602100000,6.708423289315486
1638602400000,7.370360602739341
1638602700000,8.11629917161947
1638603000000,7.435224172145918
1638603300000,7.534487443933149
1638603600000,6.701027929890989
1638603900000,6.702161049368913
1638604200000,7.17213990114786
1638604500000,6.70703947968758
1638604800000,6.70279278854687
1638605100000,7.005817014240203
1638605400000,7.447773721054062
1638605700000,6.702587222623885
1638606000000,6.921158950590977
1638606300000,7.653856065749008
1638606600000,7.461406251410132
1638606900000,6.9862631825415376
1638607200000,6.975242843548289
1638607500000,7.236301538134484
1638607800000,6.982643216775784
1638608100000,7.1113224707620075
1638608400000,6.974495786901339
1638608700000,6.7041715843717755
1638609000000,7.27520864941183
1638609300000,6.704457371142756
1638609600000,6.698295407256177
1638609900000,13.159693636581508
1638610200000,6.663464517817552
1638610500000,6.663263965697564
1638610800000,6.722015709247559
1638611100000,6.653822974649209
1638611400000,6.6538731126792054
1638611700000,7.184879974569992
1638612000000,6.65322633209225
1638612300000,6.65029325733745
1638612600000,6.652915476306271
1638612900000,6.661198278861707
1638613200000,7.018537032450335
1638613500000,6.9840169987976894
1638613800000,8.024561618134724
1638614100000,7.030374621332529
1638614400000,7.0692366083828775
1638614700000,6.654720445386149
1638615000000,7.417916524191098
1638615300000,6.965651438409942
1638615600000,6.654454713827167
1638615900000,12.251267740088462
1638616200000,7.568295517559842
1638616500000,6.97611023146723
1638616800000,8.021804026484912
1638617100000,6.6574078437939646
1638617400000,6.646813678055688
1638617700000,6.645785848440757
1638618000000,6.6276459091879945
1638618300000,6.629756720250851
1638618600000,7.834673857128675
1638618900000,6.6451641368688
1638619200000,7.078131094904272
1638619500000,6.737403070653509
1638619800000,6.736330116811582
1638620100000,7.463752711213971
1638620400000,8.370087851856159
1638620700000,7.051076613918117
1638621000000,6.754053910415374
1638621300000,9.037199409975663
1638621600000,6.73519198353066
1638621900000,6.95807056827446
1638622200000,7.577601135927208
1638622500000,7.405397058100952
1638622800000,7.468520837866646
1638623100000,8.336585620212444
1638623400000,7.180452786521293
1638623700000,7.166955628846213
1638624000000,7.179891240585332
1638624300000,7.769975743221087
1638624600000,7.158131335566816
1638624900000,7.150029029919368
1638625200000,7.288299689043939
1638625500000,7.81364596734811
1638625800000,7.965233287239771
1638626100000,7.153132573976156
1638626400000,7.1477527633575235
1638626700000,7.805789338047644
1638627000000,7.266630032479415
1638627300000,7.238006231154368
1638627600000,7.504469805374195
1638627900000,8.34691405439174
1638628200000,7.2144363432529754
1638628500000,7.186699985058867
1638628800000,7.213955018165008
1638629100000,7.908266457557656
1638629400000,7.179089032105386
1638629700000,7.169557792603037
1638630000000,7.171372789288912
1638630300000,7.234977894142574
1638630600000,7.35131817894664
1638630900000,7.382183150212535
1638631200000,7.358989297536117
1638631500000,7.359791506016063
1638631800000,7.622103651352172
1638632100000,7.621321498084225
1638632400000,7.642369443076791
1638632700000,7.711023447551108
1638633000000,7.626726377717856
1638633300000,7.345727788602021
1638633600000,9.140152840770643
1638633900000,8.46569606125664
1638634200000,7.380839451008628
1638634500000,7.787293418781907
1638634800000,8.388518591682903
1638635100000,7.6617929158974665
1638635400000,8.302882836448743
1638635700000,8.52460824650262
1638636000000,7.945203144256138
1638636300000,7.340237674317396
1638636600000,7.6916250437454305
1638636900000,7.343516701479172
1638637200000,8.191039932935372
1638637500000,7.634156833763351
1638637800000,7.9627063305279435
1638638100000,7.355479635436356
1638638400000,8.313988410092986
1638638700000,7.344735055608089
1638639000000,7.52111061753006
1638639300000,7.375003384317024
1638639600000,7.59881453641876
1638639900000,7.646716410277494
1638640200000,7.8074388792345335
1638640500000,7.630371412498609
1638640800000,7.348560587296828
1638641100000,7.886857518749116
1638641400000,7.944014872945218
1638641700000,7.666109800280171
1638642000000,7.354867951470398
1638642300000,7.337891214513556
1638642600000,7.342589147924235
1638642900000,7.957857983027274
1638643200000,8.00130258601931
1638643500000,7.654121797307989
1638643800000,8.328102265537023
1638644100000,7.704189634062574
1638644400000,8.055757500398597
1638644700000,7.345777926632019
1638645000000,9.544220238316083
1638645300000,7.352832347452536
1638645600000,7.665182246725235
1638645900000,7.628857243992712
1638646200000,7.342132891851266
1638646500000,7.3350483882127495
1638646800000,7.918374284404966
1638647100000,7.34077916504136
1638647400000,7.350706494980682
1638647700000,7.346499914263968
1638648000000,7.345692691981023
1638648300000,7.654151880125987
1638648600000,12.568084937833856
1638648900000,11.007393353903295
1638649200000,7.349788969031745
1638649500000,7.604836113821351
1638649800000,7.345597429724032
1638650100000,7.603793242797421
1638650400000,7.674407644244606
1638650700000,7.642785588725762
1638651000000,7.384278919866392
1638651300000,9.05381515311653
1638651600000,7.618824624190395
1638651900000,7.9590512681411925
1638652200000,7.358116895814176
1638652500000,7.6178369049994625
1638652800000,7.366354574142615
1638653100000,8.305244337661582
1638653400000,7.677897251132367
1638653700000,7.338974195961482
1638654000000,7.360047209969045
1638654300000,7.630697309693586
1638654600000,7.339946873743417
1638654900000,7.337881186907556
1638655200000,7.670657319600861
1638655500000,7.974213008412159
1638655800000,8.24325367737381
1638656100000,7.350255252710713
1638656400000,7.527934403412594
1638656700000,7.347081515411929
1638657000000,8.161799433841365
1638657300000,7.347337219364912
1638657600000,7.349869189879739
1638657900000,7.340964675752346
1638658200000,7.339766376835428
1638658500000,7.921222124508773
1638658800000,7.338758602432497
1638659100000,7.341250462523327
1638659400000,7.341105062236336
1638659700000,7.338828795674492
1638660000000,8.063127790808094
1638660300000,7.343266011329189
1638660600000,7.344233675308123
1638660900000,7.339916790925417
1638661200000,7.336783164050631
1638661500000,7.348485380251833
1638661800000,7.615801300981602
1638662100000,7.344624751942097
1638662400000,7.638729422099038
1638662700000,8.16758034869997
1638663000000,7.343727281205157
1638663300000,7.338061683815544
1638663600000,7.676954656168431
1638663900000,9.296377928436986
1638664200000,7.663602898780343
1638664500000,7.726059842747082
1638664800000,7.816448683224918
1638665100000,7.537791540109922
1638665400000,7.6214919673862145
1638665700000,7.34136076618932
1638666000000,7.335740293026703
1638666300000,7.655169682134918
1638666600000,7.373990596111094
1638666900000,7.631529600991529
1638667200000,7.65558582778389
1638667500000,8.498581595131396
1638667800000,7.34061370954237
1638668100000,8.07083901982157
1638668400000,7.335319133574731
1638668700000,7.682555074119051
1638669000000,7.771098835093011
1638669300000,7.344830317865082
1638669600000,8.083132864776731
1638669900000,7.335464533861722
1638670200000,7.3392800379444605
1638670500000,7.3401624672724015
1638670800000,7.83666935072254
1638671100000,8.417688897534912
1638671400000,8.333838056168632
1638671700000,8.525641089920551
1638672000000,8.448729351905797
1638672300000,8.328528438791995
1638672600000,8.59587945614276
1638672900000,8.310739465749208
1638673200000,8.313978382486987
1638673500000,8.647185702238263
1638673800000,8.389315786359848
1638674100000,8.77082608420983
1638674400000,8.448343289074822
1638674700000,8.452158793157562
1638675000000,8.454610542824396
1638675300000,8.453888555192446
1638675600000,8.452815601350517
1638675900000,8.458260591408145
1638676200000,8.45526735101735
1638676500000,8.458009901258162
1638676800000,8.76847962440599
1638677100000,8.46012572612402
1638677400000,9.245372510521467
1638677700000,8.455808841741314
1638678000000,8.463710595268775
1638678300000,8.456972044037233
1638678600000,8.463123980317814
1638678900000,8.460040491473027
1638679200000,8.470258621986329
1638679500000,8.46422200317474
1638679800000,8.825962875797071
1638680100000,8.453432299119475
1638680400000,8.462286675216872
1638680700000,8.44997778885271
1638681000000,8.774681698716567
1638681300000,8.456555898388263
1638681600000,8.4618605019619
1638681900000,8.575563526388146
1638682200000,9.882707092626
1638682500000,8.720206729125282
1638682800000,8.72112425507422
1638683100000,8.71157296035987
1638683400000,8.981691596966447
1638683700000,8.658421634760495
1638684000000,8.664448225966085
1638684300000,9.375255077227607
1638684600000,8.82286434554328
1638684900000,8.630103675418427
1638685200000,8.614931907541461
1638685500000,8.613096855643587
1638685800000,8.915474300749965
1638686100000,8.609356558605842
1638686400000,8.876878045258596
1638686700000,8.950686239216562
1638687000000,8.8885902890658
1638687300000,8.599604711771509
1638687600000,8.6011740321104
1638687900000,8.872285401710911
1638688200000,8.598742337655567
1638688500000,8.594826557512834
1638688800000,8.59882757230656
1638689100000,8.997480062612372
1638689400000,8.599544546135512
1638689700000,8.59456082595385
1638690000000,9.225166884432843
1638690300000,9.342469819412845
1638690600000,8.596180284322742
1638690900000,8.591557557957055
1638691200000,8.589812754513174
1638691500000,8.581394579276747
1638691800000,8.935579650778594
1638692100000,8.593919059169895
1638692400000,8.591662847820048
1638692700000,8.59030912101014
1638693000000,9.265207115188113
1638693300000,8.601860923121354
1638693600000,9.879829169704196
1638693900000,9.57317996444211
1638694200000,8.602838614706286
1638694500000,9.011974967084385
1638694800000,8.98520125906621
1638695100000,8.862122423030602
1638695400000,8.989608391902909
1638695700000,8.856732584805972
1638696000000,8.570158646754516
1638696300000,8.570484543949494
1638696600000,8.847236441924618
1638696900000,8.845516707495737
1638697200000,8.8577403592089
1638697500000,8.931764146695853
1638697800000,8.828539970538895
1638698100000,8.566613888033759
1638698400000,8.558270919842325
1638698700000,9.197159780876754
1638699000000,8.563525385385969
1638699300000,8.55410444954961
1638699600000,8.553552931219647
1638699900000,8.552720639921706
1638700200000,8.558581775628307
1638700500000,9.182825318100733
1638700800000,9.044233775584184
1638701100000,9.213264116111654
1638701400000,9.246355215909398
1638701700000,8.894461452378398
1638702000000,8.88958302205973
1638702300000,8.891182425216622
1638702600000,9.19853356289866
1638702900000,9.138011946889787
1638703200000,9.623292925423693
1638703500000,8.864604255515435
1638703800000,8.857233965105937
1638704100000,8.856647350154976
1638704400000,8.942458588494123
1638704700000,9.883800101679924
1638705000000,8.859364831380791
1638705300000,8.884734674559061
1638705600000,9.140834717978596
1638705900000,9.175439986282234
1638706200000,9.223983626924923
1638706500000,10.150755028593718
1638706800000,9.176558064351159
1638707100000,10.179108084556784
1638707400000,9.444164785654909
1638707700000,9.620755941105864
1638708000000,9.177475590300096
1638708300000,9.827254431449783
1638708600000,9.17785162552507
1638708900000,9.50205415508896
1638709200000,9.521592945378629
1638709500000,9.182790221479735
1638709800000,9.730272440027395
1638710100000,9.17625222236818
1638710400000,9.508963175622489
1638710700000,9.17375033467135
1638711000000,9.476147834989728
1638711300000,10.395804650202006
1638711600000,10.676462300713865
1638711900000,9.755186027132696
1638712200000,9.16817999953873
1638712500000,9.165382297464921
1638712800000,9.45776723319298
1638713100000,9.16993483058861
1638713400000,10.086478074138103
1638713700000,9.598218896622402
1638714000000,9.736504597155971
1638714300000,9.470391989146119
1638714600000,9.86204019666141
1638714900000,9.45131948253542
1638715200000,9.15587111317457
1638715500000,9.44852178046161
1638715800000,9.155820975144573
1638716100000,9.157144619136483
1638716400000,13.10423094779929
1638716700000,10.188995304072112
1638717000000,9.541964026966237
1638717300000,9.897026513993023
1638717600000,9.152917983207772
1638717900000,10.187190334992234
1638718200000,9.226811411816731
1638718500000,9.466095159975414
1638718800000,9.165447476903918
1638719100000,9.1480997185251
1638719400000,9.164825765331958
1638719700000,9.1656680842359
1638720000000,9.461482461215727
1638720300000,9.149749259711987
1638720600000,9.146695853685195
1638720900000,9.711084615947703
1638721200000,9.16115566153621
1638721500000,9.543608554350126
1638721800000,9.158152393539414
1638722100000,9.427363531803053
1638722400000,9.592653575292783
1638722700000,10.562684069242625
1638723000000,9.141005187280586
1638723300000,9.47757676884463
1638723600000,9.620033953473914
1638723900000,9.155169180754617
1638724200000,9.142920460026453
1638724500000,9.791521057471218
1638724800000,9.142945529041452
1638725100000,9.145367195890284
1638725400000,9.32168760597926
1638725700000,9.141777312942532
1638726000000,9.139275425245701
1638726300000,9.784281125939712
1638726600000,9.143772806536393
1638726900000,9.602520739596107
1638727200000,9.146836240169188
1638727500000,9.142298748454497
1638727800000,9.154046088882694
1638728100000,9.889696334007523
1638728400000,9.3123067805669
1638728700000,9.454187377851223
1638729000000,9.145713148297261
1638729300000,9.135730666524944
1638729600000,9.138297733660767
1638729900000,9.14044865514762
1638730200000,9.136577999231886
1638730500000,9.143171150176434
1638730800000,10.067952072054366
1638731100000,9.222173644042048
1638731400000,10.72640980619646
1638731700000,9.14591370041725
1638732000000,9.156477783337527
1638732300000,9.137560704619819
1638732600000,9.392261897002447
1638732900000,9.14336668849342
1638733200000,9.471108962975071
1638733500000,9.727404544711593
1638733800000,10.952828135858017
1638734100000,9.140218020209637
1638734400000,10.256646547946497
1638734700000,9.158443194113394
1638735000000,9.145231823209295
1638735300000,9.134612588456019
1638735600000,9.14120573940057
1638735900000,9.416122585477819
1638736200000,9.467935225676285
1638736500000,9.42319706151034
1638736800000,11.856455822880388
1638737100000,11.359763428719265
1638737400000,11.112989058879094
1638737700000,9.209955006131882
1638738000000,11.921023577909986
1638738300000,9.440544819889155
1638738600000,11.202891560465963
1638738900000,14.428461554659979
1638739200000,10.1569169924803
1638739500000,9.135139037770985
1638739800000,9.133073350935124
1638740100000,9.45395674291324
1638740400000,9.45923627747188
1638740700000,9.138082140131782
1638741000000,9.136613095852884
1638741300000,9.131709596519219
1638741600000,9.133013185299129
1638741900000,9.728126532343541
1638742200000,10.122532331508642
1638742500000,10.12552557189944
1638742800000,10.142321811948296
1638743100000,10.456055520848897
1638743400000,10.710862003094519
1638743700000,9.453766218399252
1638744000000,9.866557633164101
1638744300000,9.476799629379682
1638744600000,9.439672418167214
1638744900000,9.753772134686793
1638745200000,9.756103553081633
1638745500000,9.469293966289193
1638745800000,9.7771314428622
1638746100000,10.001288547370912
1638746400000,9.450772978008457
1638746700000,10.248534214693048
1638747000000,9.46583945602243
1638747300000,10.114204404726213
1638747600000,9.477942776463603
1638747900000,9.496664316864328
1638748200000,9.482324840285305
1638748500000,9.501933823816968
1638748800000,9.515812030520022
1638749100000,9.83738732731209
1638749400000,9.514613731603102
1638749700000,9.529244008756105
1638750000000,9.508481850534519
1638750300000,9.500339434463076
1638750600000,9.493214820400564
1638750900000,9.488902949820858
1638751200000,9.488316334869896
1638751500000,9.488687356291873
1638751800000,9.774368837409387
1638752100000,9.813476500806722
1638752400000,9.798540381670739
1638752700000,14.771500942093585
1638753000000,9.932825067410581
1638753300000,9.998646273190094
1638753600000,9.490492325371749
1638753900000,10.175247456247046
1638754200000,9.502550521585928
1638754500000,9.505283044220741
1638754800000,9.530011120615052
1638755100000,9.508486864337522
1638755400000,9.511515201349315
1638755700000,9.83401805169632
1638756000000,9.816013485124547
1638756300000,10.951158539459133
1638756600000,10.154931526492433
1638756900000,9.808151842021083
1638757200000,10.009004790187387
1638757500000,9.51186616755929
1638757800000,9.499823012754112
1638758100000,9.506586633000651
1638758400000,9.504149924742816
1638758700000,9.503267495414878
1638759000000,9.501953879028965
1638759300000,9.500921035611038
1638759600000,14.399486787124953
1638759900000,17.727874839432957
1638760200000,13.09150177669371
1638760500000,6.861106895124442
1638760800000,6.859343761816243
1638761100000,6.868248247597949
1638761400000,5.800741866996385
1638761700000,4.383463864281543
1638762000000,4.459153461041856
1638762300000,4.535428376133496
1638762600000,4.817432764036852
1638762900000,5.50699728223802
1638763200000,4.547318274779178
1638763500000,4.527650586781627
1638763800000,4.636093208472036
1638764100000,4.624957279202301
1638764400000,5.280498929313882
1638764700000,4.717874084138022
1638765000000,4.731123111790344
1638765300000,5.1262526680347245
1638765600000,4.809823625729602
1638765900000,5.498386158312735
1638766200000,4.868385220811341
1638766500000,4.873211616882367

