"Time","cpu.mean"
1638162000000,2.7714640178028276
1638162300000,3.2052723880979244
1638162600000,1.8516314013097883
1638162900000,3.5798161080464297
1638163200000,3.8115216959281497
1638163500000,2.261305947670195
1638163800000,2.7540782386436007
1638164100000,3.3271179307932783
1638164400000,5.784983484384412
1638164700000,3.0301944813063955
1638165000000,4.740710382385899
1638165300000,2.5824111047061393
1638165600000,3.7375414710913333
1638165900000,3.407785305724417
1638166200000,4.064489031062038
1638166500000,2.8864786083587575
1638166800000,3.7829054080179247
1638167100000,5.494745459018674
1638167400000,3.0961483486463095
1638167700000,5.350438837848202
1638168000000,3.5273143457780662
1638168300000,4.750249492017105
1638168600000,4.148659107569941
1638168900000,4.020089840048271
1638169200000,4.479833255201044
1638169500000,3.8235684648363133
1638169800000,2.6838160059732417
1638170100000,5.382799247150331
1638170400000,4.205783198249321
1638170700000,4.132646623531926
1638171000000,4.404757020942839
1638171300000,5.502413146956357
1638171600000,3.2183093548913178
1638171900000,7.646548753719003
1638172200000,3.481570926509235
1638172500000,5.911204648056568
1638172800000,3.0766980489866143
1638173100000,4.336410415394653
1638173400000,4.128651675536517
1638173700000,4.131156290418971
1638174000000,3.1084181150300054
1638174300000,4.578101079721705
1638174600000,4.028950021261366
1638174900000,3.7169962928411024
1638175200000,6.650024586875659
1638175500000,6.18071402604491
1638175800000,3.9029977881603344
1638176100000,4.203077285802067
1638176400000,4.7715823880208035
1638176700000,4.52706979502571
1638177000000,4.609959319279966
1638177300000,3.8602625901689294
1638177600000,5.243413204864936
1638177900000,10.306230214477239
1638178200000,5.520978987882202
1638178500000,5.403808838641893
1638178800000,4.5940938215388485
1638179100000,6.150927017230245
1638179400000,5.571517088124821
1638179700000,5.731106908302536
1638180000000,3.6596758802209877
1638180300000,5.781930019877734
1638180600000,5.5336564920970375
1638180900000,5.417026132403905
1638181200000,4.381723416794571
1638181500000,4.530144337902243
1638181800000,4.378775863941897
1638182100000,3.9298125980056824
1638182400000,5.45696195585036
1638182700000,4.310994810478277
1638183000000,3.9356237431032923
1638183300000,3.173183140232851
1638183600000,7.77267019719487
1638183900000,5.274753358735367
1638184200000,4.7065188201556225
1638184500000,8.443084604756677
1638184800000,3.5193775106036753
1638185100000,4.144944866003911
1638185400000,4.956044713934148
1638185700000,5.4497597923699175
1638186000000,4.865058799213372
1638186300000,4.1900604223337155
1638186600000,7.417478631951852
1638186900000,5.483007052592441
1638187200000,5.532737496851382
1638187500000,4.0411134611646276
1638187800000,6.402445066994218
1638188100000,5.038661219887359
1638188400000,6.146541858449581
1638188700000,2.59278056043793
1638189000000,6.870928061661246
1638189300000,4.01830584087125
1638189600000,8.121538913693115
1638189900000,4.327239990527033
1638190200000,6.720929848394462
1638190500000,6.960558753077507
1638190800000,6.03334575737145
1638191100000,5.395135721443168
1638191400000,5.172361140243083
1638191700000,5.214976663223311
1638192000000,5.86120636174644
1638192300000,4.550913617393377
1638192600000,6.446195554011069
1638192900000,7.517009688715092
1638193200000,6.290694705220957
1638193500000,5.2906291169200586
1638193800000,4.4919360823516
1638194100000,5.138118353254782
1638194400000,4.309981736923916
1638194700000,4.751127625078993
1638195000000,5.684196464521847
1638195300000,4.831873948130408
1638195600000,6.082977701684911
1638195900000,6.226835901865428
1638196200000,5.524765612393779
1638196500000,6.553022896086219
1638196800000,9.173880499156112
1638197100000,6.449405341383013
1638197400000,3.7233590163735357
1638197700000,4.214879403864742
1638198000000,5.658293245322554
1638198300000,5.74222395220302
1638198600000,5.882014014702108
1638198900000,4.406454304714401
1638199200000,5.367736335032646
1638199500000,7.427188860796747
1638199800000,12.046404790690133
1638200100000,49.40663178145484
1638200400000,47.22475082017755
1638200700000,46.19376740861935
1638201000000,16.907903181474026
1638201300000,4.465007636872656
1638201600000,4.613201928239434
1638201900000,5.758735878726128
1638202200000,7.081950356633655
1638202500000,3.4360295367750524
1638202800000,5.137151884705347
1638203100000,3.82352733057364
1638203400000,4.823079669653964
1638203700000,5.599550437838047
1638204000000,3.5959638926790234
1638204300000,4.486975345175495
1638204600000,5.272356137463873
1638204900000,5.121834976712449
1638205200000,5.83462509661463
1638205500000,4.736717147942528
1638205800000,3.670860347611324
1638206100000,3.8789842509811194
1638206400000,6.161332561251044
1638206700000,5.461437934626332
1638207000000,3.5974759804412315
1638207300000,5.355387649198249
1638207600000,4.5440965613524895
1638207900000,5.070775398419997
1638208200000,5.150907064161146
1638208500000,4.189737137953074
1638208800000,7.046917736890933
1638209100000,2.572660702523649
1638209400000,4.466115048034567
1638209700000,4.503067050051499
1638210000000,3.8951801803973893
1638210300000,2.5601070215171404
1638210600000,4.377075524477775
1638210900000,4.554260138300634
1638211200000,4.779901084999253
1638211500000,5.070831340229375
1638211800000,5.445870683679274
1638212100000,4.941582419826631
1638212400000,2.701664870495847
1638212700000,3.5357146205550265
1638213000000,5.044894671102995
1638213300000,5.598965047451216
1638213600000,3.3051733395145533
1638213900000,3.111189073914133
1638214200000,2.9477492035106962
1638214500000,4.350851994942801
1638214800000,3.9397673627990457
1638215100000,4.613093372027365
1638215400000,5.047307745364819
1638215700000,3.2577175437001813
1638216000000,3.9763614882976412
1638216300000,4.481718762976271
1638216600000,3.2119050558355298
1638216900000,3.3745570232024704
1638217200000,4.512305357940434
1638217500000,3.9590062976111255
1638217800000,3.555547254105335
1638218100000,3.0824041784971854
1638218400000,4.171385503630688
1638218700000,3.108254479346101
1638219000000,3.0639011722679754
1638219300000,5.257975951842525
1638219600000,4.244028471058215
1638219900000,2.5155028991256927
1638220200000,4.67635873732462
1638220500000,2.852601401021147
1638220800000,3.371204869909292
1638221100000,2.461233410723125
1638221400000,2.8019276811451164
1638221700000,3.9245436850696507
1638222000000,3.584753498568446
1638222300000,2.731041974768118
1638222600000,2.7087114809829274
1638222900000,4.384606287390838
1638223200000,5.339083227181234
1638223500000,3.688556332679866
1638223800000,3.107960506814294
1638224100000,6.407451724348732
1638224400000,6.28570948976747
1638224700000,1.9251458162018622
1638225000000,2.4136032242079466
1638225300000,2.736776265517335
1638225600000,3.0461281282852894
1638225900000,1.9365419976405462
1638226200000,1.6066305690102496
1638226500000,2.708205284917682
1638226800000,2.2067146537106908
1638227100000,1.6962728747378577
1638227400000,3.4340187735195826
1638227700000,1.787464823452794
1638228000000,2.5250673100395886
1638228300000,5.771274620759613
1638228600000,1.0434325649214884
1638228900000,2.988502527296575
1638229200000,1.801581152053842
1638229500000,2.5892679609632125
1638229800000,3.3071423452442446
1638230100000,1.3887180278826747
1638230400000,1.9680272757807131
1638230700000,1.0767098911707365
1638231000000,1.6077826560639181
1638231300000,2.1490689587594147
1638231600000,2.0954532645387616
1638231900000,2.164334903012417
1638232200000,1.4119617808809437
1638232500000,1.4170839703610483
1638232800000,1.182800102442016
1638233100000,1.6183668159607834
1638233400000,1.120679077708445
1638233700000,1.8246052967265456
1638234000000,1.3280508464311112
1638234300000,1.8234273653751956
1638234600000,1.994921565102274
1638234900000,2.855376610215501
1638235200000,1.7537038979682649
1638235500000,2.5767866799640586
1638235800000,1.2772137294774382
1638236100000,2.5751844850409498
1638236400000,2.783644710230334
1638236700000,1.0199104807831105
1638237000000,2.4308426285928704
1638237300000,1.6927687178630748
1638237600000,1.9301639094728245
1638237900000,2.2065685109030824
1638238200000,1.4922772391684163
1638238500000,2.853729051112893
1638238800000,1.9098314800241099
1638239100000,1.5660152719775624
1638239400000,1.6682918431758083
1638239700000,1.9882536604526422
1638240000000,2.0196035396496654
1638240300000,1.9575775617554427
1638240600000,1.0090426185568475
1638240900000,2.194764412929402
1638241200000,2.788831518570447
1638241500000,4.156082043794044
1638241800000,2.318859840206855
1638242100000,3.2651376968106405
1638242400000,1.4217802874550785
1638242700000,4.1541232419789225
1638243000000,1.800164917028468
1638243300000,2.504563266020739
1638243600000,2.885079460826944
1638243900000,2.3859863059407473
1638244200000,1.6800758311193533
1638244500000,2.0472937687899275
1638244800000,2.082330659974474
1638245100000,1.929861252282791
1638245400000,3.7388094134470578
1638245700000,1.8385231402601079
1638246000000,3.5223843707507854
1638246300000,2.448695628891244
1638246600000,2.037796648358963
1638246900000,1.9502841781367835
1638247200000,1.8065718397148345
1638247500000,3.51923087610308
1638247800000,2.125295616457066
1638248100000,3.2246041573702087
1638248400000,2.0289917545166247
1638248700000,2.7595123110649524
1638249000000,0.9164266174839213
1638249300000,4.337977760773242
1638249600000,3.8571784043369206
1638249900000,2.197523842194073
1638250200000,3.158208273608892
1638250500000,3.409364859251184
1638250800000,3.1965731939117887
1638251100000,3.1629939442061357
1638251400000,2.9586337715992954
1638251700000,2.9062597523595173
1638252000000,3.457732980842323
1638252300000,4.011301308392177
1638252600000,4.056702593697153
1638252900000,6.164671626814126
1638253200000,3.291779615677285
1638253500000,2.7203101113424566
1638253800000,4.003265276924907
1638254100000,4.099052156354702
1638254400000,4.603511437697591
1638254700000,2.429095827625318
1638255000000,4.833242064388614
1638255300000,3.864719081913549
1638255600000,4.555983298608865
1638255900000,4.629515361708215
1638256200000,2.8866420415086793
1638256500000,3.169452482934261
1638256800000,4.760733532188027
1638257100000,4.243788214249051
1638257400000,5.021725165703131
1638257700000,5.217348543104549
1638258000000,4.500236104653226
1638258300000,3.691893740205657
1638258600000,3.6677328832087
1638258900000,4.107560000067764
1638259200000,3.976314484197715
1638259500000,6.99664551626654
1638259800000,5.584071059484316
1638260100000,5.719076227754982
1638260400000,5.016584100957701
1638260700000,3.7528124179052753
1638261000000,5.037748735822333
1638261300000,4.034289805299181
1638261600000,3.926316519458595
1638261900000,3.657880618448985
1638262200000,3.344041166407152
1638262500000,4.6254169387927675
1638262800000,4.896625349917372
1638263100000,5.202744804312459
1638263400000,7.417836272301514
1638263700000,6.136760673024057
1638264000000,4.733858150734989
1638264300000,3.365490503780677
1638264600000,5.378313699892459
1638264900000,3.9000599315001807
1638265200000,3.6517163869997233
1638265500000,3.8029997159498095
1638265800000,3.2686696684090606
1638266100000,3.759016532028255
1638266400000,5.923282783957177
1638266700000,5.1618786571723945
1638267000000,4.4465022169085415
1638267300000,6.9907126878997445
1638267600000,5.8142852223471095
1638267900000,5.2687117289671335
1638268200000,6.318505115899953
1638268500000,5.746364752140792
1638268800000,5.657731606065241
1638269100000,3.9719855473937287
1638269400000,6.415517533037104
1638269700000,4.914890949902087
1638270000000,5.15290297511558
1638270300000,5.150913838081536
1638270600000,4.814977891902885
1638270900000,5.911887605873673
1638271200000,7.809434300028485
1638271500000,4.166696704863455
1638271800000,3.7549106693157626
1638272100000,4.293286397693635
1638272400000,4.565017917840009
1638272700000,3.8240613479692342
1638273000000,6.197927016065947
1638273300000,3.0984497350938938
1638273600000,5.330806919950206
1638273900000,2.826416479337823
1638274200000,4.032305950339904
1638274500000,5.783657539234852
1638274800000,5.906442060251322
1638275100000,4.371017770634268
1638275400000,4.341984823709083
1638275700000,4.326412656177453
1638276000000,7.071816881168957
1638276300000,7.196903259747685
1638276600000,4.416987532876107
1638276900000,9.799117328029865
1638277200000,5.412531195273743
1638277500000,6.666764243175223
1638277800000,4.048271117142562
1638278100000,3.231506597122504
1638278400000,6.209115055554975
1638278700000,5.263708091460444
1638279000000,6.837783710714646
1638279300000,5.6923602122500085
1638279600000,4.524437933201511
1638279900000,7.154129565941133
1638280200000,6.773112980361205
1638280500000,3.7819584056853444
1638280800000,25.889226011896724
1638281100000,5.703046430186845
1638281400000,5.152551759171587
1638281700000,6.5055364702534035
1638282000000,4.232426806005492
1638282300000,7.238198560283848
1638282600000,4.819913608857078
1638282900000,5.9599959486985625
1638283200000,7.136492316312157
1638283500000,5.85918307048054
1638283800000,4.8237674543869815
1638284100000,3.809897593660793
1638284400000,5.118705764177321
1638284700000,3.3326579509987937
1638285000000,3.994611843691203
1638285300000,8.734827320321699
1638285600000,5.98935133094146
1638285900000,6.186774912676441
1638286200000,3.3216242378068586
1638286500000,8.61281988360652
1638286800000,4.533948145539441
1638287100000,5.97814227960022
1638287400000,4.445374102778899
1638287700000,3.1335628327168763
1638288000000,5.78469477450912
1638288300000,4.338944757482537
1638288600000,5.410475004928728
1638288900000,4.176505360588578
1638289200000,5.822798362561372
1638289500000,4.784341026973209
1638289800000,3.483996852531675
1638290100000,4.862827738130278
1638290400000,3.8865270918587953
1638290700000,6.618055479864665
1638291000000,2.883965543978647
1638291300000,5.381198296276139
1638291600000,3.4649897404210463
1638291900000,4.444625250589922
1638292200000,4.217036709464068
1638292500000,4.461112318581186
1638292800000,2.6705703381890658
1638293100000,4.567935654654306
1638293400000,4.292218941601519
1638293700000,3.6941695335001015
1638294000000,4.327996901105891
1638294300000,5.451007397010429
1638294600000,4.101277133229232
1638294900000,4.03675929974257
1638295200000,2.945518051250801
1638295500000,3.8944183275882693
1638295800000,3.580375573207931
1638296100000,4.313101108086954
1638296400000,3.8719201535096346
1638296700000,6.985368465814105
1638297000000,5.74801531448793
1638297300000,6.054903599517971
1638297600000,4.8534848837466456
1638297900000,2.9034557770687144
1638298200000,2.8018309650954194
1638298500000,2.5451617217955516
1638298800000,4.238724715397652
1638299100000,2.4476121809776004
1638299400000,4.003858235982975
1638299700000,3.664187924264553
1638300000000,9.542198591917327
1638300300000,4.601897060407879
1638300600000,5.515509636503069
1638300900000,1.6619265446536389
1638301200000,4.503270814076984
1638301500000,3.3172360310110918
1638301800000,2.3204721144872025
1638302100000,3.2774335874982228
1638302400000,4.957318050517642
1638302700000,4.783225433953007
1638303000000,4.331041772306648
1638303300000,3.127637325715753
1638303600000,2.702960993383172
1638303900000,6.465676948391916
1638304200000,2.0897768396238092
1638304500000,4.283915619622221
1638304800000,4.210246711665661
1638305100000,3.77855037446443
1638305400000,3.0221973215732163
1638305700000,2.9874618134909667
1638306000000,2.9266841774187924
1638306300000,2.171737426180698
1638306600000,3.3601300617045524
1638306900000,3.8657987576216897
1638307200000,3.6722698273193117
1638307500000,2.958473206589332
1638307800000,5.033983034991394
1638308100000,3.6349567092735953
1638308400000,3.9566460248320965
1638308700000,3.3396797673785414
1638309000000,2.3129096121762984
1638309300000,2.955128940013523
1638309600000,1.5073932236549439
1638309900000,2.6938291433052513
1638310200000,2.142265720069261
1638310500000,1.7343498629565488
1638310800000,2.9023861304182503
1638311100000,2.56858333761879
1638311400000,3.931717843952427
1638311700000,1.883196938889327
1638312000000,2.0163858528846816
1638312300000,2.4136347307340884
1638312600000,3.3632551068826757
1638312900000,2.338434421804635
1638313200000,2.2397334369498623
1638313500000,7.070747763603791
1638313800000,2.07368008404039
1638314100000,3.3534137852523003
1638314400000,1.770724775425947
1638314700000,2.00077517362611
1638315000000,0.9428986842891192
1638315300000,1.1487925640614378
1638315600000,2.0007660409664254
1638315900000,2.7815625244007833
1638316200000,2.2277774332939373
1638316500000,2.1101188393275123
1638316800000,1.4353592978767722
1638317100000,2.0777980895179837
1638317400000,3.1357667248164063
1638317700000,2.279920807540421
1638318000000,1.956923195388029
1638318300000,3.626911397373931
1638318600000,2.4208482703992047
1638318900000,7.156423311711279
1638319200000,1.9777228793490593
1638319500000,2.618420301755833
1638319800000,2.137080803523773
1638320100000,2.2013998765144436
1638320400000,4.042829150357846
1638320700000,0.9339699889650319
1638321000000,1.5075243975649784
1638321300000,2.216784655334763
1638321600000,2.077176125029567
1638321900000,3.0610887103288036
1638322200000,3.0876186648979456
1638322500000,1.166954235317391
1638322800000,1.651967584191084
1638323100000,1.5261345031296543
1638323400000,1.6676083572642
1638323700000,0.9870100460233857
1638324000000,2.817929963172034
1638324300000,1.3457822985119492
1638324600000,3.61328358886054
1638324900000,2.281385559358583
1638325200000,2.372946405295366
1638325500000,3.4148581103882094
1638325800000,1.402072510595005
1638326100000,2.1372159430075897
1638326400000,3.617604512466812
1638326700000,3.3547319767507133
1638327000000,1.0925483130656914
1638327300000,2.7406395187382486
1638327600000,2.083146859207986
1638327900000,2.615919866510083
1638328200000,1.504160304422797
1638328500000,3.5256191143748907
1638328800000,2.6232925103303586
1638329100000,1.6674947546288195
1638329400000,3.632855746165774
1638329700000,3.315169196821259
1638330000000,2.442770987829789
1638330300000,1.2621731434019239
1638330600000,2.3152642541144814
1638330900000,2.095395828667023
1638331200000,1.410177804856545
1638331500000,2.99813067872401
1638331800000,1.455758184552863
1638332100000,2.8779701844944725
1638332400000,1.9269329747217512
1638332700000,2.7748693758562837
1638333000000,0.765876875160842
1638333300000,7.533537363733018
1638333600000,5.247117681054817
1638333900000,2.2748808173160597
1638334200000,3.2786105235912686
1638334500000,1.8178837849138887
1638334800000,4.0936761620804845
1638335100000,2.4007530513747355
1638335400000,3.423978378998214
1638335700000,3.0539777547728164
1638336000000,1.4670834951931653
1638336300000,3.369678672251794
1638336600000,4.955769098321184
1638336900000,3.131952159301676
1638337200000,2.81591249003219
1638337500000,3.6209603210183587
1638337800000,3.1857710202669978
1638338100000,3.849213628727412
1638338400000,3.835160729066743
1638338700000,2.949634258188823
1638339000000,2.7236510429359413
1638339300000,1.9810293567857542
1638339600000,3.7990798798634273
1638339900000,2.8567097354378035
1638340200000,3.6173362213525593
1638340500000,3.614618262775423
1638340800000,4.555322001090204
1638341100000,3.171557043378087
1638341400000,3.2842139861281936
1638341700000,4.440648934864498
1638342000000,2.3986924591189194
1638342300000,5.28971175358447
1638342600000,4.256195509519344
1638342900000,3.948611869573085
1638343200000,4.874637058626888
1638343500000,3.293993699891999
1638343800000,5.3175544613901025
1638344100000,5.863760481792383
1638344400000,4.383964156012183
1638344700000,5.105957683053717
1638345000000,5.5147685593566536
1638345300000,4.206282510714587
1638345600000,4.7225053978886535
1638345900000,5.561710956985408
1638346200000,3.1212356515912205
1638346500000,6.132046345650664
1638346800000,3.852119579792202
1638347100000,5.453663686127072
1638347400000,6.558543170062833
1638347700000,5.2912859897064095
1638348000000,5.80313693148031
1638348300000,4.307170842392267
1638348600000,4.279507692768888
1638348900000,3.680774535468288
1638349200000,5.340284910900266
1638349500000,4.603578737520607
1638349800000,4.042735659068896
1638350100000,4.542966549927186
1638350400000,5.822793071722316
1638350700000,4.216719083713826
1638351000000,3.897301023969291
1638351300000,3.7842152632136106
1638351600000,5.830472907315055
1638351900000,4.467964470900895
1638352200000,5.2881982448812295
1638352500000,6.022222179386077
1638352800000,2.705148276685321
1638353100000,4.949967870692177
1638353400000,4.779005466336898
1638353700000,4.9555661112019465
1638354000000,2.9631961832946274
1638354300000,
1638354600000,78.44573166680493
1638354900000,18.405463649016838
1638355200000,5.1293503255134425
1638355500000,5.48648001300117
1638355800000,5.197863894334446
1638356100000,5.126817808982892
1638356400000,5.998463089405675
1638356700000,4.002829653460452
1638357000000,4.661677590645283
1638357300000,6.263871580441986
1638357600000,3.999954429320823
1638357900000,4.304098915513137
1638358200000,4.875111580875071
1638358500000,6.3126959598642
1638358800000,5.5948969758035645
1638359100000,3.7627342810709195
1638359400000,5.58139712879985
1638359700000,5.729909960606946
1638360000000,4.245630397102801
1638360300000,5.639996620333022
1638360600000,6.448475883262361
1638360900000,7.865029425142112
1638361200000,3.0101624081129046
1638361500000,4.8906412783134385
1638361800000,4.442420971499303
1638362100000,6.3547357742271515
1638362400000,5.928345213382443
1638362700000,4.3060534077120565
1638363000000,6.912014678057233
1638363300000,4.899066133752527
1638363600000,6.807343072119309
1638363900000,4.556545569726708
1638364200000,6.9233994225211575
1638364500000,4.612646573685254
1638364800000,4.395088275579468
1638365100000,5.102131995608218
1638365400000,6.156863102468648
1638365700000,5.543825532286306
1638366000000,4.52786270151347
1638366300000,4.831406718509967
1638366600000,7.534743016133731
1638366900000,6.42549696963772
1638367200000,4.981586615085575
1638367500000,2.427533818704717
1638367800000,5.266733936771288
1638368100000,7.812576667355501
1638368400000,4.4164033098874285
1638368700000,5.036979249892397
1638369000000,5.345652830445303
1638369300000,5.839248756403862
1638369600000,3.7764336912780294
1638369900000,3.5512826468457916
1638370200000,6.076961354032676
1638370500000,5.464336189361632
1638370800000,3.5038058869129287
1638371100000,5.105383438351964
1638371400000,5.427122220143644
1638371700000,5.2200088355921395
1638372000000,6.350811409965317
1638372300000,5.515708452199135
1638372600000,5.687524912045447
1638372900000,6.088370207434963
1638373200000,4.989471945320972
1638373500000,4.9152413284729874
1638373800000,4.814921766866263
1638374100000,5.65373413578078
1638374400000,6.1853346560534135
1638374700000,4.408722208739164
1638375000000,5.213399300358773
1638375300000,3.9726540934575496
1638375600000,4.79169167918495
1638375900000,5.521611456932604
1638376200000,5.94962553470161
1638376500000,5.606964158816922
1638376800000,4.874455837163126
1638377100000,5.023821519533811
1638377400000,4.2792969125884355
1638377700000,3.5074444871017505
1638378000000,5.347967447389351
1638378300000,4.329401855339313
1638378600000,3.9742828734206768
1638378900000,4.574200603858401
1638379200000,5.578240472190387
1638379500000,3.3758233791387227
1638379800000,2.425989506530456
1638380100000,1.8100164598986197
1638380400000,4.540141404381998
1638380700000,4.080906062045031
1638381000000,3.8489239193436333
1638381300000,3.4676552324773553
1638381600000,2.0397158428752817
1638381900000,3.8771090708744538
1638382200000,3.92670092672914
1638382500000,4.366229540643957
1638382800000,5.815883076959295
1638383100000,4.34243148520963
1638383400000,2.111321638739952
1638383700000,4.896035981849025
1638384000000,4.076602013403317
1638384300000,3.9750402164870167
1638384600000,4.305497475309252
1638384900000,4.85969859862513
1638385200000,3.7196798182160222
1638385500000,2.7300032561661283
1638385800000,4.253638765147457
1638386100000,9.141982730193362
1638386400000,3.8813548143612735
1638386700000,1.8475169848882018
1638387000000,4.200536431856165
1638387300000,2.322284382423021
1638387600000,2.8359927398350777
1638387900000,3.097814062909819
1638388200000,3.0437103488603725
1638388500000,5.134053109653237
1638388800000,3.261469969281734
1638389100000,4.600448635056196
1638389400000,4.152754560662473
1638389700000,4.7919969027411895
1638390000000,2.5532966761350337
1638390300000,3.4590850038142946
1638390600000,2.6734494111340723
1638390900000,3.451682273008757
1638391200000,3.7819125005030827
1638391500000,2.120569086747224
1638391800000,3.0464275636442153
1638392100000,2.812118317305206
1638392400000,2.991721342406507
1638392700000,2.6376361004988524
1638393000000,2.4162372459292953
1638393300000,1.12557592648227
1638393600000,3.160590754358381
1638393900000,4.312739132659843
1638394200000,4.844110880345838
1638394500000,4.064850668148793
1638394800000,2.5375365856972394
1638395100000,3.5021285833109346
1638395400000,2.1209246646363624
1638395700000,2.3882801946849526
1638396000000,2.023731399256846
1638396300000,2.1138486313648883
1638396600000,1.7561847136614972
1638396900000,2.373631155687619
1638397200000,1.7217382387040914
1638397500000,3.487062955535606
1638397800000,2.51805864586062
1638398100000,2.1821724249558656
1638398400000,2.824115006339852
1638398700000,2.3988500427042396
1638399000000,2.4274495483558383
1638399300000,2.023178899234864
1638399600000,1.3764968000832454
1638399900000,2.803488825425248
1638400200000,1.8182098005187441
1638400500000,2.191002734786892
1638400800000,2.29046653550904
1638401100000,2.041048119574185
1638401400000,1.6136102860895818
1638401700000,1.7368534651133416
1638402000000,1.8727705157091208
1638402300000,1.9353562677194702
1638402600000,1.6902458960480544
1638402900000,3.062120153777684
1638403200000,2.131844695362034
1638403500000,2.0592977419178027
1638403800000,3.7562670437319383
1638404100000,1.755958569788035
1638404400000,0.9726976290340872
1638404700000,1.8416478529743614
1638405000000,1.3604043736160207
1638405300000,2.396573940736161
1638405600000,2.4320052609392633
1638405900000,1.4806220029102803
1638406200000,1.4125388304068167
1638406500000,1.5546897451673942
1638406800000,2.924528270872628
1638407100000,1.121977637181942
1638407400000,2.151320886287394
1638407700000,1.7734019994799723
1638408000000,0.8660139857415032
1638408300000,2.8347606548524027
1638408600000,1.7875926427343671
1638408900000,1.9184314577723995
1638409200000,1.5161628680372417
1638409500000,2.2454734386091104
1638409800000,3.893784654840516
1638410100000,1.8653344079582155
1638410400000,3.4910106309582574
1638410700000,2.9611835452917887
1638411000000,2.165956398749586
1638411300000,2.6825347982669143
1638411600000,2.014859352176117
1638411900000,1.7665165169379549
1638412200000,2.9195934680079034
1638412500000,2.1636289176459087
1638412800000,1.3078398909109126
1638413100000,1.9929471760900128
1638413400000,1.8559558396608509
1638413700000,1.879015409931668
1638414000000,2.0739075902348674
1638414300000,1.9865828161422883
1638414600000,1.4911675832123592
1638414900000,2.1184175592015038
1638415200000,1.754423058998512
1638415500000,1.172026105355556
1638415800000,2.510568562766494
1638416100000,1.2052820293323236
1638416400000,2.8721699261997173
1638416700000,3.1585955269240316
1638417000000,2.3441855005764722
1638417300000,1.7638094995472784
1638417600000,2.031109380005077
1638417900000,1.6890924395576405
1638418200000,3.05784796681219
1638418500000,3.3474019863340487
1638418800000,2.8148324968422997
1638419100000,3.1862310262777527
1638419400000,2.3165190330238374
1638419700000,3.809886089483257
1638420000000,1.9802154481917
1638420300000,2.168936431930703
1638420600000,0.6386610037620954
1638420900000,3.444601223683293
1638421200000,1.9943193489530984
1638421500000,2.140293762185536
1638421800000,2.1812709877214758
1638422100000,2.846604201391713
1638422400000,1.4117589649562063
1638422700000,3.5446498161667535
1638423000000,3.295521490367179
1638423300000,2.3282074436236826
1638423600000,3.208997607922896
1638423900000,2.160946186824006
1638424200000,4.655477643639472
1638424500000,3.034085542973031
1638424800000,3.538810417606271
1638425100000,3.7384464218391855
1638425400000,2.6936931765358736
1638425700000,2.304639504829865
1638426000000,3.0082206766741137
1638426300000,3.9848347061462164
1638426600000,2.298674601013005
1638426900000,6.540740410012475
1638427200000,4.20877667242334
1638427500000,4.328636948912504
1638427800000,3.7539329385923565
1638428100000,6.336665521966921
1638428400000,2.874146039151668
1638428700000,3.5750080563131945
1638429000000,1.5889209885982183
1638429300000,3.6118245331482512
1638429600000,2.8455454534371114
1638429900000,5.521109150496628
1638430200000,5.023562532802757
1638430500000,3.560286582568736
1638430800000,5.641288541978653
1638431100000,3.0251904906591847
1638431400000,4.3333419685086625
1638431700000,3.255073855187277
1638432000000,8.52912615217663
1638432300000,10.267827447910264
1638432600000,
1638432900000,62.61060127838515
1638433200000,4.908348694598658
1638433500000,3.5163735322423264
1638433800000,5.603344774237527
1638434100000,4.314416101723921
1638434400000,3.6960081187166764
1638434700000,3.7697276674070537
1638435000000,3.564766263049762
1638435300000,5.691795166794748
1638435600000,5.178469216181526
1638435900000,4.3113457569072295
1638436200000,5.166818925331157
1638436500000,5.789309403306575
1638436800000,4.339865577158577
1638437100000,5.110727531267088
1638437400000,4.30085396141061
1638437700000,4.471498948853437
1638438000000,4.396318141817204
1638438300000,5.056189244699965
1638438600000,5.561314536123959
1638438900000,4.345957183670137
1638439200000,3.429241439323974
1638439500000,4.9593534783883655
1638439800000,5.351594909112777
1638440100000,3.4347422077178464
1638440400000,6.04022675975078
1638440700000,5.0324634281221705
1638441000000,3.960551624401603
1638441300000,6.4195553126915
1638441600000,4.060893553043911
1638441900000,4.330045030800434
1638442200000,3.258315968515703
1638442500000,5.444624086524897
1638442800000,3.797331524159432
1638443100000,4.852438210520575
1638443400000,4.566942529996979
1638443700000,7.556330345038148
1638444000000,6.505642989875298
1638444300000,4.632617420254462
1638444600000,4.69658162641575
1638444900000,5.6689781566746404
1638445200000,2.785366159144175
1638445500000,3.960707551296494
1638445800000,3.854839569935251
1638446100000,4.904184014162638
1638446400000,4.3693573939980155
1638446700000,5.856705371755737
1638447000000,4.352331466120134
1638447300000,4.016067829460624
1638447600000,5.268513017231058
1638447900000,5.767285194393239
1638448200000,4.594158638120845
1638448500000,4.432591400677339
1638448800000,5.483068298093457
1638449100000,4.56092359747943
1638449400000,4.223998884542198
1638449700000,4.271821697614428
1638450000000,4.492137011541999
1638450300000,3.8944262767714264
1638450600000,4.208602942056899
1638450900000,4.510173227187565
1638451200000,6.400462180425876
1638451500000,4.037150196016967
1638451800000,3.760596490212336
1638452100000,4.36970357963051
1638452400000,4.580129305198284
1638452700000,6.123234571516932
1638453000000,5.6016279011769115
1638453300000,2.1064976265374895
1638453600000,9.102299206291917
1638453900000,5.284667210522443
1638454200000,6.280250879571867
1638454500000,5.54273499725916
1638454800000,4.446143172281779
1638455100000,4.470373621247987
1638455400000,4.192530207937494
1638455700000,6.805869523992399
1638456000000,6.0596713085107865
1638456300000,4.774898983553143
1638456600000,4.901308722397076
1638456900000,4.351300374424284
1638457200000,7.745533783482145
1638457500000,3.2760680495258043
1638457800000,4.14030156410459
1638458100000,3.4313672234276
1638458400000,4.800053172388289
1638458700000,3.8751740337454663
1638459000000,5.663956390665277
1638459300000,4.244453650264475
1638459600000,4.411952605080273
1638459900000,4.69964647999241
1638460200000,4.161622715970509
1638460500000,3.4855788031575656
1638460800000,6.401475746429256
1638461100000,4.72384719863858
1638461400000,3.528209955328208
1638461700000,3.5782523835279676
1638462000000,3.391192784048215
1638462300000,4.00961453508198
1638462600000,8.796100374390988
1638462900000,2.283341351158839
1638463200000,5.432152227502343
1638463500000,2.556355764894292
1638463800000,5.057450287467674
1638464100000,8.09906579707345
1638464400000,4.682526303181234
1638464700000,4.61055761595297
1638465000000,4.094826698808433
1638465300000,4.448776189692211
1638465600000,3.95727925335639
1638465900000,5.872755377060017
1638466200000,4.998183948222547
1638466500000,2.9561142438120385
1638466800000,6.113304234504881
1638467100000,5.114297842896065
1638467400000,4.966081379149514
1638467700000,4.228219211813027
1638468000000,4.103374726082606
1638468300000,4.070935078482194
1638468600000,3.9392311068391024
1638468900000,4.149821844399497
1638469200000,4.647884122816706
1638469500000,5.5020728973726705
1638469800000,3.522253439278032
1638470100000,6.60012148077341
1638470400000,3.1876518435321515
1638470700000,2.8492087548336826
1638471000000,3.9643703805854926
1638471300000,6.978455441906277
1638471600000,
1638471900000,36.4474577515149
1638472200000,3.7364321143763846
1638472500000,4.595452675998615
1638472800000,2.871448167917862
1638473100000,4.304382026041949
1638473400000,4.488495651600914
1638473700000,4.206544621092505
1638474000000,5.257653228992027
1638474300000,4.8114791295028425
1638474600000,4.902898926840692
1638474900000,3.8309356349667496
1638475200000,4.5230829066690035
1638475500000,5.298519254743184
1638475800000,3.219939269199486
1638476100000,4.578845145699702
1638476400000,4.137798854192027
1638476700000,2.9327410405230268
1638477000000,3.7558824195889002
1638477300000,4.088877076731606
1638477600000,2.9200879926307266
1638477900000,2.9227946329724688
1638478200000,2.955368603378048
1638478500000,6.199890012555102
1638478800000,2.8202274865596024
1638479100000,3.7369297596692377
1638479400000,4.324720987457255
1638479700000,2.980174719112995
1638480000000,4.894786611867389
1638480300000,7.06117624150113
1638480600000,2.2967306847434372
1638480900000,3.4934672969396274
1638481200000,4.564258589366133
1638481500000,2.9340577065443227
1638481800000,2.7217632745951903
1638482100000,3.083918801904616
1638482400000,3.655445926919299
1638482700000,3.542877747419695
1638483000000,2.9881262540127693
1638483300000,2.807481401837208
1638483600000,4.65896602749018
1638483900000,2.671682890798806
1638484200000,2.9001938308206263
1638484500000,2.5308561984792703
1638484800000,3.198106737926949
1638485100000,2.1393344624442534
1638485400000,2.370080676078757
1638485700000,2.945410530994181
1638486000000,3.0777786218208405
1638486300000,2.0198872298538646
1638486600000,2.3705078561688424
1638486900000,2.1684611194669543
1638487200000,3.0268265026107883
1638487500000,1.9428935188539924
1638487800000,2.823675169918829
1638488100000,1.5992077525964419
1638488400000,1.0247932486518607
1638488700000,2.3526025598421256
1638489000000,1.7660167307958687
1638489300000,2.130035940042603
1638489600000,1.3196668050507583
1638489900000,2.8216720670804563
1638490200000,1.9848173230961237
1638490500000,1.2413184382643294
1638490800000,2.8457657670640515
1638491100000,1.6206789892654712
1638491400000,2.3018309296124926
1638491700000,2.310458129174748
1638492000000,1.7170382813482803
1638492300000,2.0577224848232447
1638492600000,2.53617451997863
1638492900000,1.9069015123621682
1638493200000,2.87776058437386
1638493500000,2.2305024444439425
1638493800000,2.5537161356580356
1638494100000,1.552942680794473
1638494400000,0.7415413402471529
1638494700000,2.0081817771629034
1638495000000,2.2780516881921784
1638495300000,3.128233278913683
1638495600000,2.0724635472376463
1638495900000,2.2904254313568515
1638496200000,1.8452238781133872
1638496500000,1.4517785495188917
1638496800000,7.69454533292253
1638497100000,2.852660097376642
1638497400000,2.2017464736276793
1638497700000,3.3379909761188316
1638498000000,3.163455682494771
1638498300000,1.6040597196871715
1638498600000,1.2952620378223543
1638498900000,1.9538670979113562
1638499200000,1.8951522738779971
1638499500000,2.129943709820793
1638499800000,3.116818399236621
1638500100000,1.6177953833631733
1638500400000,6.357088472266625
1638500700000,2.390387675326636
1638501000000,2.0441270668910363
1638501300000,2.8325114959081787
1638501600000,1.239899840034525
1638501900000,1.318805402596098
1638502200000,2.394779427550546
1638502500000,2.7356176610860956
1638502800000,2.0476271083470436
1638503100000,2.0113150557989314
1638503400000,3.014662906932301
1638503700000,2.664806867949153
1638504000000,4.205331357002876
1638504300000,3.406346021984703
1638504600000,1.7238133809152032
1638504900000,3.161684944461001
1638505200000,1.5157364726877063
1638505500000,1.713047493919433
1638505800000,2.520291075584524
1638506100000,2.1478786119832165
1638506400000,2.33915860027912
1638506700000,1.3283394066703096
1638507000000,5.311694973936213
1638507300000,2.802391618598989
1638507600000,2.8698530071799553
1638507900000,2.4742013259370594
1638508200000,3.1913007575678733
1638508500000,1.7200539409705726
1638508800000,2.7021358058988767
1638509100000,3.69943833999028
1638509400000,2.987395778085741
1638509700000,2.7373971998732145
1638510000000,1.8306404960540021
1638510300000,2.2942596991107393
1638510600000,2.783793848816984
1638510900000,4.26062668963219
1638511200000,3.502668922866235
1638511500000,1.9840912679715785
1638511800000,3.33874051721898
1638512100000,2.4169295506234505
1638512400000,3.8415214605710872
1638512700000,1.9869162069189628
1638513000000,2.30520803213399
1638513300000,2.3064914027792156
1638513600000,4.8839470591066885
1638513900000,3.9708123754406586
1638514200000,3.518015990621862
1638514500000,3.0273581608198157
1638514800000,2.3432375860420365
1638515100000,2.873228296929696
1638515400000,4.099278475291399
1638515700000,3.8775810574132237
1638516000000,2.571240196891381
1638516300000,2.98797738612015
1638516600000,2.352722866376098
1638516900000,2.7829452888723267
1638517200000,4.0590133348746775
1638517500000,2.7415143858177657
1638517800000,2.034152895999725
1638518100000,4.854949763925703
1638518400000,3.531430781219754
1638518700000,3.4617708442040396
1638519000000,3.848602181757954
1638519300000,3.3794445667906245
1638519600000,2.254813435542914
1638519900000,3.9317884458346697
1638520200000,5.052243302962694
1638520500000,4.155187298780476
1638520800000,3.678865587082541
1638521100000,6.469729920986012
1638521400000,4.221900013172274
1638521700000,3.9131062062783
1638522000000,3.3213095963505452
1638522300000,4.76479897210244
1638522600000,3.2313949628053535
1638522900000,5.8732869959003295
1638523200000,3.1762908751517784
1638523500000,6.518735095893504
1638523800000,6.182305096601851
1638524100000,4.172261426538384
1638524400000,5.071120856594348
1638524700000,4.35028511314853
1638525000000,6.241375357583308
1638525300000,3.6873183621786296
1638525600000,1.382995893701704
1638525900000,6.1521307941218595
1638526200000,3.644810455079437
1638526500000,3.316269458484598
1638526800000,3.402112761245249
1638527100000,5.268648735899916
1638527400000,2.7067040154432505
1638527700000,4.292219284772358
1638528000000,6.198294892206093
1638528300000,3.3993347789198793
1638528600000,6.117489297832222
1638528900000,3.9733767737980656
1638529200000,4.91894351437378
1638529500000,2.878178948184214
1638529800000,4.296573654248547
1638530100000,3.0010406885862864
1638530400000,6.098482542743113
1638530700000,4.909496460522334
1638531000000,5.129174465617382
1638531300000,5.924046986027349
1638531600000,4.774627190362679
1638531900000,6.5994949540264685
1638532200000,4.28223067809877
1638532500000,6.51440882864307
1638532800000,3.2549008198945444
1638533100000,5.607107324673052
1638533400000,5.608564435477021
1638533700000,3.2014078269895805
1638534000000,3.781205560267196
1638534300000,4.11679769194167
1638534600000,4.118438312019364
1638534900000,3.888470285438501
1638535200000,3.012407536053672
1638535500000,7.414179373990379
1638535800000,6.261629113791628
1638536100000,4.332517525425445
1638536400000,4.899802086436807
1638536700000,4.717350420914755
1638537000000,3.9207385544772535
1638537300000,4.4751047271413995
1638537600000,7.113642204543666
1638537900000,3.252484952773301
1638538200000,5.110671939959161
1638538500000,5.202563262678581
1638538800000,3.034417613321864
1638539100000,5.294039840739103
1638539400000,4.413589988982281
1638539700000,4.2448533203310745
1638540000000,4.214173292085164
1638540300000,5.097992211515788
1638540600000,5.0941486448699465
1638540900000,4.48660648612757
1638541200000,5.442834336864195
1638541500000,5.5195149661325615
1638541800000,4.533210544936949
1638542100000,3.9621396334076024
1638542400000,4.362097126736273
1638542700000,5.4149609333674675
1638543000000,4.402956863578751
1638543300000,3.568979909813322
1638543600000,2.7613648336782006
1638543900000,7.31280345963529
1638544200000,3.6344474861462714
1638544500000,3.814070292829328
1638544800000,4.364533183737734
1638545100000,2.349072836468622
1638545400000,3.9756500321659587
1638545700000,3.8781747266694566
1638546000000,4.444721971768516
1638546300000,3.4049901628754213
1638546600000,5.443537430706272
1638546900000,2.9459965182614667
1638547200000,4.961852696480491
1638547500000,1.957541693032823
1638547800000,3.0981706138611855
1638548100000,5.974651859241817
1638548400000,4.568391197729653
1638548700000,5.018721482739963
1638549000000,2.98677479372283
1638549300000,3.9048754727038784
1638549600000,3.8155812727262486
1638549900000,2.829266790189763
1638550200000,4.029412617647537
1638550500000,5.487526482062961
1638550800000,5.086043041433257
1638551100000,3.0496172704354763
1638551400000,5.107974937056099
1638551700000,4.340679124973647
1638552000000,4.612263428615094
1638552300000,3.1015119292354996
1638552600000,3.456165344699187
1638552900000,2.3847474277977057
1638553200000,3.4268958485657777
1638553500000,2.293855342204722
1638553800000,3.3469649839868794
1638554100000,5.588950052994647
1638554400000,3.642850889050891
1638554700000,3.6839814610250556
1638555000000,4.243409062663176
1638555300000,2.501108964527049
1638555600000,5.288180462798536
1638555900000,3.1135717458396357
1638556200000,4.969625960006724
1638556500000,4.761130417886761
1638556800000,3.8628179610616797
1638557100000,5.358252594561833
1638557400000,3.3661572522629797
1638557700000,3.3235309249256915
1638558000000,1.964794875136505
1638558300000,2.6704264309640706
1638558600000,3.2363359934117284
1638558900000,2.1653329294110364
1638559200000,2.6561509058786754
1638559500000,4.3772378840588
1638559800000,3.6190176818566044
1638560100000,4.741118256071459
1638560400000,3.054846602724723
1638560700000,2.546071172962286
1638561000000,4.031069640839291
1638561300000,4.2242921223169105
1638561600000,3.1576861246650907
1638561900000,2.5809089668470335
1638562200000,2.7901901834727028
1638562500000,4.0581567748569825
1638562800000,2.181941934952988
1638563100000,4.108312174366105
1638563400000,2.2173246124135204
1638563700000,3.078745076132307
1638564000000,2.418832419718072
1638564300000,2.713497447940739
1638564600000,2.7288266031047215
1638564900000,2.378631120087462
1638565200000,2.3082542799426307
1638565500000,4.44232278604332
1638565800000,3.792473244260492
1638566100000,3.0625712001083656
1638566400000,3.2157766237777423
1638566700000,2.4671270081406362
1638567000000,2.2550867052774635
1638567300000,3.430605907129035
1638567600000,2.6192124275742685
1638567900000,3.0779755836249763
1638568200000,1.583156719479888
1638568500000,3.2987592556465444
1638568800000,2.1676468932038375
1638569100000,2.1407720976924054
1638569400000,2.3970920693377025
1638569700000,2.1650451757347042
1638570000000,1.4386636706544067
1638570300000,1.931139270659628
1638570600000,2.677674245052131
1638570900000,3.0758709863805365
1638571200000,2.2859084492880015
1638571500000,1.5250852597182103
1638571800000,2.3626361119336394
1638572100000,2.227883633380401
1638572400000,2.330149228015756
1638572700000,2.3767107855429117
1638573000000,2.0345562904830103
1638573300000,1.9485293908374643
1638573600000,2.4806971567125373
1638573900000,2.16329280877369
1638574200000,1.1559905577347251
1638574500000,1.917614716466744
1638574800000,1.9233202495087625
1638575100000,0.957949501686457
1638575400000,1.1714611243170054
1638575700000,2.6828352616309417
1638576000000,2.784392738235695
1638576300000,1.519745496893762
1638576600000,2.2119197786546323
1638576900000,1.2808282109851632
1638577200000,1.2870828554911213
1638577500000,0.6500800375898734
1638577800000,0.9140779190907438
1638578100000,2.5447591331461012
1638578400000,1.6854428133632382
1638578700000,1.1731358351250663
1638579000000,1.2615369289672884
1638579300000,1.9213726330205958
1638579600000,1.599259753179183
1638579900000,2.819034916733756
1638580200000,1.7154220883373767
1638580500000,0.5307565474177522
1638580800000,2.3535446998507155
1638581100000,1.945159034092427
1638581400000,1.518810298006187
1638581700000,1.6887118970961126
1638582000000,2.0028044044509983
1638582300000,2.2493636076945336
1638582600000,1.1920611195606199
1638582900000,1.1240257555216573
1638583200000,1.4585929009534482
1638583500000,1.6138616891171154
1638583800000,1.5621650292955707
1638584100000,1.1420239627629485
1638584400000,1.8695776208679291
1638584700000,1.6033699428253385
1638585000000,0.8807292333041516
1638585300000,0.9846553464058161
1638585600000,3.6603012202594414
1638585900000,1.6962298052087874
1638586200000,1.2752583547625136
1638586500000,2.371330388841997
1638586800000,0.7828778856524679
1638587100000,2.8152183647745375
1638587400000,1.60358211317903
1638587700000,1.4654448868600412
1638588000000,1.1219481841753094
1638588300000,1.9780109628146079
1638588600000,1.0856022795395432
1638588900000,1.050599895182799
1638589200000,2.3055369076707706
1638589500000,1.0893603352408405
1638589800000,1.4244074033677094
1638590100000,2.733774311307684
1638590400000,1.9524019624419395
1638590700000,2.9456048860899386
1638591000000,2.0716408076276593
1638591300000,1.884775518238996
1638591600000,2.0402118705740264
1638591900000,1.6248758940391923
1638592200000,1.5748627330347489
1638592500000,2.300002411189041
1638592800000,1.277911078543184
1638593100000,1.5113779481461052
1638593400000,2.366813749996723
1638593700000,2.892927940172484
1638594000000,2.2460491730773526
1638594300000,7.072141707848402
1638594600000,1.0955433805361423
1638594900000,2.4397284081312165
1638595200000,2.3475019387747125
1638595500000,1.5636753846981861
1638595800000,3.3324292951032675
1638596100000,1.3626157461023496
1638596400000,2.694585569511432
1638596700000,2.098869154740555
1638597000000,1.4006844785933197
1638597300000,2.6853443475949064
1638597600000,1.9641091726256974
1638597900000,1.1742369671068076
1638598200000,2.5683599781362147
1638598500000,3.0259179810093286
1638598800000,1.8910839308976222
1638599100000,2.648954733886839
1638599400000,1.9488814706448352
1638599700000,2.3390232712878856
1638600000000,2.270958391932126
1638600300000,2.3429662962107756
1638600600000,2.112356289605657
1638600900000,2.44107329454296
1638601200000,2.053435453763811
1638601500000,2.1186949219585642
1638601800000,3.0850295435376154
1638602100000,1.634892198469771
1638602400000,4.442958883571961
1638602700000,3.3202089876109113
1638603000000,3.1001714370010234
1638603300000,2.9312507971113035
1638603600000,2.612836094468875
1638603900000,3.6707834930334684
1638604200000,4.1139481287137585
1638604500000,1.9851250784862913
1638604800000,1.7993939318157572
1638605100000,2.4383028821230113
1638605400000,4.483522195244845
1638605700000,2.882589345722451
1638606000000,2.5440517896086874
1638606300000,4.3441587262503845
1638606600000,2.3552568321286174
1638606900000,3.1914492341129517
1638607200000,2.8319625054668904
1638607500000,4.789544637003587
1638607800000,2.8659230366781117
1638608100000,2.7611942979063713
1638608400000,2.623031924317928
1638608700000,1.7377808607738245
1638609000000,3.453978428783998
1638609300000,1.7193420713613108
1638609600000,2.2111963195841042
1638609900000,3.606757175596883
1638610200000,4.998423849189422
1638610500000,3.2277050376751646
1638610800000,3.4926630163390513
1638611100000,1.8902877620752463
1638611400000,2.6398049475052403
1638611700000,1.819397486720959
1638612000000,2.009602710193519
1638612300000,2.6099992808418193
1638612600000,3.00894404611104
1638612900000,2.932153975755284
1638613200000,2.065815466152131
1638613500000,2.87887918697497
1638613800000,3.4068127736818496
1638614100000,3.3006091295552267
1638614400000,3.947240175318626
1638614700000,3.106176751919932
1638615000000,3.6317287200764667
1638615300000,2.159839287154824
1638615600000,1.1699018565067263
1638615900000,5.366853073267919
1638616200000,2.0889495661992754
1638616500000,2.4905688429756054
1638616800000,4.357847409585517
1638617100000,6.792558251531489
1638617400000,2.485108815152742
1638617700000,3.398521090294963
1638618000000,3.2706546956980844
1638618300000,2.222469581004333
1638618600000,3.4358923166718824
1638618900000,4.097848862420761
1638619200000,2.8165938061911078
1638619500000,2.6860605713239067
1638619800000,4.192488169939537
1638620100000,3.1939119927019988
1638620400000,3.625981767097201
1638620700000,4.024468493525049
1638621000000,3.536573782236829
1638621300000,4.381586624424145
1638621600000,4.200270570025751
1638621900000,2.1678190273056543
1638622200000,3.638594451857699
1638622500000,3.4543168181847648
1638622800000,2.3189456017219214
1638623100000,3.541790719672804
1638623400000,2.532642784831225
1638623700000,2.2971274442518137
1638624000000,2.2281388824244885
1638624300000,3.770477146113265
1638624600000,1.702278310680299
1638624900000,2.4890720860077806
1638625200000,3.334983832510659
1638625500000,3.229911633314501
1638625800000,2.3513232700186535
1638626100000,3.425138077989814
1638626400000,2.745421539181322
1638626700000,2.9830697598963383
1638627000000,2.1144032505736163
1638627300000,2.8744897116070973
1638627600000,2.4560807378235268
1638627900000,2.738893525699609
1638628200000,4.812309832088687
1638628500000,2.193667330161304
1638628800000,2.9781227342366634
1638629100000,2.0063817748105492
1638629400000,3.275889188225676
1638629700000,2.3556964071602806
1638630000000,2.832608750523974
1638630300000,5.083517488994815
1638630600000,3.0994193271997545
1638630900000,2.046911426919337
1638631200000,3.0953326334335713
1638631500000,2.817815011926214
1638631800000,2.398047331415171
1638632100000,3.6385494196177035
1638632400000,1.8964721980227495
1638632700000,3.9753842375557866
1638633000000,3.258417609436904
1638633300000,2.7528285132777626
1638633600000,3.259578802872383
1638633900000,1.9549864984133478
1638634200000,5.218071892831674
1638634500000,4.509307038362607
1638634800000,2.0064516222550424
1638635100000,2.7888300952245118
1638635400000,1.7011522842363007
1638635700000,3.887830766255007
1638636000000,4.095774893091573
1638636300000,3.1010032489468387
1638636600000,3.127575634392926
1638636900000,2.510746727656638
1638637200000,4.824603872599496
1638637500000,3.3042589920621737
1638637800000,3.1875379349295656
1638638100000,3.8685741908844165
1638638400000,2.7424457927841672
1638638700000,4.0828716985402025
1638639000000,3.5456404703904667
1638639300000,3.544978483576017
1638639600000,2.523001418344478
1638639900000,2.6362129234135665
1638640200000,1.4558351597368926
1638640500000,3.35007769900902
1638640800000,1.9012583304730697
1638641100000,3.895930146883117
1638641400000,3.8168663963778755
1638641700000,4.42127379286201
1638642000000,2.241428524083801
1638642300000,2.017503566380256
1638642600000,3.2329956516419998
1638642900000,3.880578839379524
1638643200000,2.5764342877908035
1638643500000,2.850943537533098
1638643800000,3.47696369067242
1638644100000,2.429798971461935
1638644400000,4.129495993162095
1638644700000,2.5022115279578827
1638645000000,2.8738143790742043
1638645300000,1.759139693074232
1638645600000,3.3578586017548275
1638645900000,2.3224882643454805
1638646200000,3.477730234747085
1638646500000,1.319482957479508
1638646800000,3.4815960982154337
1638647100000,3.1695023149465555
1638647400000,3.4006973234520927
1638647700000,1.8294715168065494
1638648000000,2.4866504512527854
1638648300000,2.5097183849911744
1638648600000,44.3443844595055
1638648900000,53.714251625908716
1638649200000,2.2917153246013555
1638649500000,3.03604053680327
1638649800000,3.3870484601486197
1638650100000,2.7541225758709373
1638650400000,3.0686109211192303
1638650700000,2.4189372318240885
1638651000000,2.8582082295347533
1638651300000,2.743366308786392
1638651600000,2.760799557516677
1638651900000,2.5776738220311444
1638652200000,2.3150345630096325
1638652500000,2.2252180229663168
1638652800000,4.725365887118926
1638653100000,3.073954941939391
1638653400000,1.479222412996478
1638653700000,2.7592941599006053
1638654000000,2.210568471917014
1638654300000,2.4019420044960356
1638654600000,1.2747248729218654
1638654900000,1.7657597923249568
1638655200000,1.752186856249537
1638655500000,1.9876681462107513
1638655800000,1.8563780864358392
1638656100000,2.373128490278546
1638656400000,2.7077418505761983
1638656700000,2.417939483240076
1638657000000,1.9467092785922233
1638657300000,3.0166341885180685
1638657600000,2.436199603633753
1638657900000,2.194595583530756
1638658200000,1.057018071971001
1638658500000,1.823486430512645
1638658800000,2.919265905073587
1638659100000,1.5713519794882984
1638659400000,1.6819494707948053
1638659700000,1.7694419236661219
1638660000000,2.3473131579658855
1638660300000,0.8217822191366224
1638660600000,1.0251435013946804
1638660900000,1.700897580262506
1638661200000,1.3446941828482153
1638661500000,1.007996959396209
1638661800000,1.3350409706908266
1638662100000,1.8565846513570676
1638662400000,1.2108969437883559
1638662700000,1.6782392520846798
1638663000000,1.992524067195859
1638663300000,1.7272747538547435
1638663600000,1.5256138607329746
1638663900000,3.019597979628344
1638664200000,1.6715051792630078
1638664500000,1.6528147561221829
1638664800000,2.1346266885241363
1638665100000,2.5411057347938026
1638665400000,1.5571540664304706
1638665700000,1.4103739794105081
1638666000000,1.3190467339374976
1638666300000,1.105842343896839
1638666600000,2.159664487343349
1638666900000,1.6981291458381378
1638667200000,2.103361287153149
1638667500000,2.193742091190245
1638667800000,0.39437820578710614
1638668100000,1.1549054992787688
1638668400000,0.8121700455538985
1638668700000,1.1743028683378043
1638669000000,1.6276469500117372
1638669300000,1.2798206166195598
1638669600000,1.9575984675223879
1638669900000,1.4133193650016551
1638670200000,0.7986576887816454
1638670500000,0.9671946858739062
1638670800000,3.179149386373979
1638671100000,3.1908861888786646
1638671400000,1.8772332107872387
1638671700000,2.6988972925002486
1638672000000,1.765793062702599
1638672300000,0.5717511706163378
1638672600000,1.6448946511027316
1638672900000,2.75300401379252
1638673200000,0.8552173624896682
1638673500000,1.804592440576073
1638673800000,1.0069057719898922
1638674100000,1.1783014739252025
1638674400000,0.6209287911917443
1638674700000,0.9203449542954303
1638675000000,2.2156325262452867
1638675300000,0.8688933463875941
1638675600000,1.3472915938653216
1638675900000,1.312944155718256
1638676200000,0.34665307768405285
1638676500000,1.152297775594704
1638676800000,1.5396834939229365
1638677100000,1.8482127535553445
1638677400000,1.384350641926119
1638677700000,0.9309940511060262
1638678000000,1.5200648356714765
1638678300000,3.148353104222508
1638678600000,0.9687983925169448
1638678900000,1.6215460917882467
1638679200000,2.705785338334138
1638679500000,1.5254338825975537
1638679800000,1.1379495195410385
1638680100000,1.1026954485576255
1638680400000,1.650645295983935
1638680700000,0.9627008996691018
1638681000000,0.939873140645517
1638681300000,1.9093689998267962
1638681600000,1.6663733389750632
1638681900000,2.678778469420976
1638682200000,1.499676612852383
1638682500000,5.829290600834412
1638682800000,2.3292403350677517
1638683100000,1.1550598737075717
1638683400000,1.6523201811618975
1638683700000,1.4198959233798831
1638684000000,1.301129137616826
1638684300000,2.2954008339771406
1638684600000,2.2367910190901057
1638684900000,2.1069841241386342
1638685200000,2.500402679825015
1638685500000,1.691377274738045
1638685800000,1.2581815598235693
1638686100000,0.7475722829815226
1638686400000,2.001542626479747
1638686700000,3.2113844886796556
1638687000000,1.9245218124047767
1638687300000,2.2800273387179146
1638687600000,3.4236379015218574
1638687900000,1.7910190103812909
1638688200000,2.778209903162548
1638688500000,1.2449345557673581
1638688800000,1.6902737767079827
1638689100000,2.994273329691026
1638689400000,1.5640236016146503
1638689700000,1.5569769518945407
1638690000000,3.2564892451706555
1638690300000,3.7452772162082084
1638690600000,1.1780099324080027
1638690900000,2.7276328824642633
1638691200000,2.440150777686995
1638691500000,1.7270973196364565
1638691800000,2.6482973832932686
1638692100000,2.262429088009469
1638692400000,2.0197237197140225
1638692700000,3.2943903110744372
1638693000000,3.6564208199808093
1638693300000,2.0582354760800996
1638693600000,2.566245075809377
1638693900000,3.32322029798587
1638694200000,2.9053142147045747
1638694500000,1.8497123832326565
1638694800000,2.4282405342081574
1638695100000,2.6540879188352164
1638695400000,2.813817097316914
1638695700000,5.791770612355123
1638696000000,0.46272810417772803
1638696300000,2.943126375726848
1638696600000,3.325997382111069
1638696900000,2.576688098109784
1638697200000,1.4937033898224001
1638697500000,2.5351899685510944
1638697800000,2.583693949217178
1638698100000,2.389598045073072
1638698400000,2.5291718820863878
1638698700000,2.7562706550053946
1638699000000,2.199996356362078
1638699300000,3.011658104892817
1638699600000,2.0321224634344617
1638699900000,3.023582016696963
1638700200000,2.7262096440651504
1638700500000,2.549242067283174
1638700800000,2.809820148384148
1638701100000,1.7467529196412528
1638701400000,4.157495056062487
1638701700000,3.24429020289881
1638702000000,2.343433583122845
1638702300000,1.6218609721004071
1638702600000,3.020896617856579
1638702900000,2.409290413350064
1638703200000,2.376936908758239
1638703500000,4.122843244257922
1638703800000,2.0456370744996093
1638704100000,2.578350836572639
1638704400000,2.48793265166924
1638704700000,3.471289028925355
1638705000000,2.351038022085632
1638705300000,2.192542501630456
1638705600000,1.360156794867052
1638705900000,3.761019591170296
1638706200000,1.7280737962900474
1638706500000,3.5375358071055985
1638706800000,1.4769833231667633
1638707100000,3.2559735692542233
1638707400000,3.2767813716154564
1638707700000,2.6542516445508824
1638708000000,2.8515331318513546
1638708300000,2.4804734261598185
1638708600000,4.011767514389135
1638708900000,2.2365553366088022
1638709200000,3.211194489026056
1638709500000,4.551441375855134
1638709800000,2.7319573230981007
1638710100000,1.009395976583079
1638710400000,3.584551022027341
1638710700000,2.562814767562955
1638711000000,3.706418699556977
1638711300000,1.5043798754481799
1638711600000,2.429456524221763
1638711900000,3.5637747575847953
1638712200000,2.6077739343967608
1638712500000,4.217316560004292
1638712800000,1.401496045602869
1638713100000,3.5102981177637957
1638713400000,2.6395388870942185
1638713700000,2.5230626247539902
1638714000000,2.6778009842904282
1638714300000,3.238547392883774
1638714600000,3.2714182394753095
1638714900000,2.8464009609867986
1638715200000,1.8810446281452755
1638715500000,2.5371130680859153
1638715800000,2.505026247712152
1638716100000,4.271277915890721
1638716400000,58.21982026196079
1638716700000,3.930259098384269
1638717000000,3.3162445416206197
1638717300000,2.8491946109865296
1638717600000,3.325652873305117
1638717900000,4.870086316682716
1638718200000,3.0406683623784545
1638718500000,4.130490647449193
1638718800000,2.336375549469338
1638719100000,3.496722726048972
1638719400000,2.6755786270287842
1638719700000,2.3771523258262164
1638720000000,2.1345249793217533
1638720300000,2.600498067660368
1638720600000,1.3459340648226856
1638720900000,3.5571304042507705
1638721200000,3.170613798956765
1638721500000,3.5058853120185205
1638721800000,3.120771684526403
1638722100000,2.7867998754410337
1638722400000,3.285291716863796
1638722700000,4.023555955577308
1638723000000,3.14524624347618
1638723300000,4.208032304246842
1638723600000,2.242154711243998
1638723900000,2.8244931974966647
1638724200000,2.4423185818310458
1638724500000,3.5196064952306045
1638724800000,1.085156858123483
1638725100000,1.9648605929947252
1638725400000,3.680431441917449
1638725700000,1.7907128635294924
1638726000000,4.221641281483755
1638726300000,1.861419251746284
1638726600000,3.1449412867958415
1638726900000,2.2834089507320243
1638727200000,1.75743671962573
1638727500000,2.4821427932617013
1638727800000,2.471622690888978
1638728100000,3.0496335624503246
1638728400000,3.9925418161408004
1638728700000,3.6561344515852454
1638729000000,2.7402715181984547
1638729300000,2.808827029655461
1638729600000,3.939498235737176
1638729900000,1.470089074529625
1638730200000,3.317669076096152
1638730500000,2.5959329982811283
1638730800000,3.000744062908737
1638731100000,2.3785060871229717
1638731400000,2.3721163065713
1638731700000,2.790978994646281
1638732000000,2.114042409357353
1638732300000,3.416750688728996
1638732600000,3.5859247332106747
1638732900000,1.5075271118410143
1638733200000,3.086419965719216
1638733500000,2.431336091189465
1638733800000,3.9083317207957293
1638734100000,3.0580330110482237
1638734400000,2.3497421775549014
1638734700000,3.2451858460182166
1638735000000,3.6189834690435276
1638735300000,1.7881780231694933
1638735600000,3.357394325993525
1638735900000,3.0491781263267086
1638736200000,2.879632383186987
1638736500000,2.5155029258941823
1638736800000,9.324328397391568
1638737100000,36.813110194938155
1638737400000,28.99957797180501
1638737700000,13.499954714346245
1638738000000,9.889367104489395
1638738300000,14.012729337913072
1638738600000,9.747162473940193
1638738900000,66.64499737968515
1638739200000,13.71008113101847
1638739500000,1.3983721305658605
1638739800000,3.1522373329307385
1638740100000,2.3995163839373532
1638740400000,2.1313492396306657
1638740700000,1.1945402366879705
1638741000000,2.168563158799202
1638741300000,4.161634010700723
1638741600000,2.608630470229727
1638741900000,2.5495183114919513
1638742200000,2.90439491738438
1638742500000,2.2695197088077492
1638742800000,1.5859330447918154
1638743100000,1.493422142605283
1638743400000,1.7769984668531862
1638743700000,2.077493596291731
1638744000000,1.4256834851426703
1638744300000,2.2824060713273013
1638744600000,1.558679830394027
1638744900000,1.012531824944233
1638745200000,3.105934109425945
1638745500000,3.1049700716696123
1638745800000,1.1926824132861356
1638746100000,1.717763287289074
1638746400000,1.6828282285058975
1638746700000,3.2960294251811177
1638747000000,1.4940614927707117
1638747300000,2.3666819193430655
1638747600000,3.9110156223887174
1638747900000,0.35383273699635254
1638748200000,1.0872456375818587
1638748500000,2.686771953662813
1638748800000,2.499261148121107
1638749100000,1.614001559236641
1638749400000,4.266271179378819
1638749700000,1.637409308464271
1638750000000,1.6210087311095265
1638750300000,2.9415167882854973
1638750600000,1.3979588394236941
1638750900000,1.7988800066968764
1638751200000,1.727427364468312
1638751500000,2.0551689760948335
1638751800000,1.5304449776411246
1638752100000,1.9963104024617877
1638752400000,2.21997663439204
1638752700000,26.95505213911632
1638753000000,1.245555935336995
1638753300000,2.0436758456554855
1638753600000,0.9360915158427758
1638753900000,1.6445785235334967
1638754200000,1.3558558602092319
1638754500000,3.3634503437666297
1638754800000,2.106412694434951
1638755100000,0.7397903509178292
1638755400000,3.3510071707830207
1638755700000,1.5659757247687622
1638756000000,1.6690485878966115
1638756300000,2.864597152021531
1638756600000,1.7734849783022923
1638756900000,2.533784799429526
1638757200000,1.8282746872447007
1638757500000,1.4364306987152844
1638757800000,1.4950113897338753
1638758100000,1.9161069948468992
1638758400000,2.9676727519855177
1638758700000,1.3322087026962208
1638759000000,2.099016767755913
1638759300000,0.5694194352494719
1638759600000,48.43823960226618
1638759900000,98.28889205930778
1638760200000,68.34042324178345
1638760500000,4.323354645301066
1638760800000,1.0150694680567653
1638761100000,15.727048038160405
1638761400000,1.507286118447027
1638761700000,1.4026741516210564
1638762000000,2.23150643438413
1638762300000,3.219231836093968
1638762600000,2.5414500441570453
1638762900000,2.2910035503221593
1638763200000,1.9107436728689322
1638763500000,5.309326153963326
1638763800000,1.1421505680377209
1638764100000,1.831340194318031
1638764400000,2.0516003010849886
1638764700000,3.7472925042011553
1638765000000,2.136007039278539
1638765300000,3.003109276922217
1638765600000,2.0661379064752907
1638765900000,1.9277132094565275
1638766200000,2.4281388188395994
1638766500000,1.390765334707865

